filename,left,right
0-5826_left-black-arrow-png-sign_png.rf.f43a54568b6da302fccd20c572cd22e5.jpg,1,0
images-8-_jpeg.rf.38cb372fe82278dc547a051befc57dd8.jpg,0,1
206-2061713_back-left-arrow-curve-black-symbol-vector-curved-back-arrow_png.rf.69329631561869c0218b569dc9ef2484.jpg,1,0
123_jpg.rf.427eb510b2059d39cb46b7e5535a7f36.jpg,1,0
44927_png.rf.862c831e0f9cd871faebe697b215a538.jpg,1,0
198_jpg.rf.4b22702dd0c714da7cafdaf588ad94d0.jpg,0,1
17-jpeg_jpg.rf.cb0e66ed566d1725f553bb4d2d7d38ad.jpg,0,1
1-10570_arrow-left-arrow-icon-png-transparent-png_png.rf.6ef687425471fd1b6fb6ff58cd614922.jpg,1,0
69_jpg.rf.ee2986091a04fb16624b73a0ecb3d6cf.jpg,1,0
184_jpg.rf.6ec3ff2484f9742184582e67970a5d1a.jpg,0,1
49_jpg.rf.5c12c4cd383d385412bc48c00d112536.jpg,0,1
091b3370d9e76be929d8f1e46e98b34c_jpg.rf.f2e3111769306331ecf1937c81bb7f9b.jpg,1,0
right-arrow-on-blaze-tree-260nw-2048592329_jpg.rf.7cdc226267c73f3a71f2a33f858936a5.jpg,0,1
134_jpg.rf.73bb351ed1aad6b374b8b07d6e1cc8c8.jpg,1,0
56_jpg.rf.1da188abcc444d5494f8964a4075e58f.jpg,1,0
170_jpg.rf.402bb067c5182ad2692212fe3ba6b4b9.jpg,0,1
70_jpg.rf.d40103d551dfc078aad604db1859ab39.jpg,1,0
823_jpg.rf.cd6d500e0758437fb244adc328041b38.jpg,1,0
image10_png.rf.ed03d1870dad8592118d8f2530321544.jpg,1,0
18_jpg.rf.1daf0e38358fc8c210c49b8bf18f8110.jpg,0,1
download-13-_jpeg.rf.d463384ac9f8232ff605570e52486d89.jpg,0,1
41uLfMrLQmL-_SY450__jpg.rf.d8b05120a9499992713cb1f364a03af3.jpg,1,0
45_jpg.rf.eb6a453f4dedddd78f6fd0ae93c1c4e7.jpg,0,1
image11_png.rf.dddfaee1edfb51c2bb9918f07bc57f7f.jpg,1,0
1024px-Small_arrow_pointing_left-svg_png.rf.b996fcc38a4d0cba891b5842a13bda0a.jpg,1,0
Black_left_arrow_on_yellow_png.rf.19a8faf1ff492070edce88525f8183de.jpg,1,0
1000_F_236893152_GiQWECdcGlRq3CeOfBdKbvBbfz6H2vb8_jpg.rf.6e243a7d1985cd5adcfbd7a8860b1d15.jpg,1,0
68_jpg.rf.20df287321e757ae5437a62afe23990b.jpg,1,0
151-1519512_back-button-circular-left-arrow-symbol-long-arrow_png.rf.c4278de69e306ff6979d450fd7c6c02f.jpg,1,0
213UT145fsL-_SX355__jpg.rf.451afe97336ba6b94c923d893abd48e5.jpg,1,0
201-2013760_left-arrow-sign-arrow-back-icon-png-transparent_png.rf.e8d41129719c731d3de862833d7720f6.jpg,1,0
images10_jpg.rf.b6c4e3a025971a905f41f00da796107c.jpg,1,0
147_jpg.rf.b1742db46a31fa35ee7456b04755c4bd.jpg,0,1
arrow-25838_1280_png.rf.10a26f493620a3953ebeecba638c0bc2.jpg,1,0
entrance-sign-with-left-arrow_png.rf.ad3c478d080244a547c8bfc95965e744.jpg,1,0
132_jpg.rf.d442669131a7ea467704aff991c49a49.jpg,1,0
black-left-arrow-sign_png.rf.93cc62e51f09a8ff12270995afd587f0.jpg,1,0
53_jpg.rf.144e79f63c1713ea9a738685a6e88d04.jpg,0,1
40_jpg.rf.ffadffa41ba2294057b794e26c2f54c9.jpg,0,1
arrow-icon-vector-left-sign-symbol-your-web-site-design-logo-app-ui-illustration-176803458_jpg.rf.359733851b79693f59546f2e9fe2c6a7.jpg,1,0
126_jpg.rf.663856c8d89ae71b8fd063d389975804.jpg,0,1
44717_png.rf.2fcd1cf5634da7708a87ddc82afd5ee3.jpg,1,0
5_jpg.rf.8cf5cc4ee30cd6b774e8064c7d7a9f70.jpg,0,1
image16_png.rf.1071f5e2d80338ad7a08c74a62830b2c.jpg,1,0
98-985477_arrow-sign-png-left-arrow-sign-transparent-png_png.rf.93ab9c56f493e1098d626ffa490a74ef.jpg,1,0
image9_png.rf.421fc9fa74453357a2417ddf45f1c42c.jpg,1,0
image5_jpeg.rf.86ce929ac8fec41f4fd03c91a8887d06.jpg,1,0
arrow_black_gloss_up_left_png.rf.0908d0c121ebadd08586ca62a916c139.jpg,1,0
146_jpg.rf.56641c99e689785a950dc30ee497b17c.jpg,1,0
icone-fleche-gauche-noir_png.rf.82cb813eea163efea1a20f6b1ce8e241.jpg,1,0
arrows-left-right-black-icon-arrow-sign-vector-eps-146810466_jpg.rf.93bd1d160311c1d230eb3dbab4419d34.jpg,1,1
arrow-symbol_png.rf.bc41c5e88ee0540f199a6f0da710fcb5.jpg,1,0
140_jpg.rf.f233ea2a7dc48ed934abc12ebf59ab69.jpg,0,1
-11599148707239y6xphgu_png.rf.44ee5a63ee5515a237da4bd80bec2285.jpg,1,0
image18_png.rf.71cbfb78987732551ad611df6307aeb1.jpg,1,1
back-icon1_png.rf.5706e9ba4477d412ece4fac39c5e6b7b.jpg,1,0
205_jpg.rf.2ef492fa8ceda9cfde3cc4a5db3eadb1.jpg,0,1
67_jpg.rf.1febdb8c7577ae68a90bf1f117ded8a0.jpg,0,1
136_jpg.rf.1143f43dd36fdeba01efebd5a9de760c.jpg,0,1
81_jpg.rf.5149d6377fd737011a717077fe59ebc4.jpg,1,0
download-19-_jpeg.rf.280bdcc67ecc7b6d31672217c322fc0e.jpg,0,1
image17_png.rf.c8f823945c7f40ba8190503845c50ddd.jpg,1,0
OUR-FAVOURITE-STARTER-WALKS-880x565_jpg.rf.682effde73ed426ed9a67e38cee6476d.jpg,0,1
84_jpg.rf.f111da2c683e144b9f1ce47e46761afa.jpg,0,1
arrow-25838_960_720_png.rf.de3c97e49a317ef3d3d7e1e54f36b140.jpg,1,0
black-and-white-left-arrow-garage-sale-sign_png.rf.2096f9f9ed2b1bcb6417a1bb9c39f9ee.jpg,1,0
82_jpg.rf.2015abfb7444ad02b35c56c38a86b0a6.jpg,1,0
az4-srg-infotech-original-imagbhkbzmdmfgqh_jpeg.rf.316a03f624824dbe773c42d87f07f067.jpg,1,0
33_jpg.rf.aedc4a4e4cae52cba30133a74d19c671.jpg,0,1
artworks-kZEwnOwyLsXJ1jLF-qMV22w-large_jpg.rf.93c97635b26fb4b1c234db644b1e6f65.jpg,0,1
images100_jpg.rf.f8870d67fbdf96083586cb1af5eff32f.jpg,1,0
147_jpg.rf.f3bf4630fbcb6d60829bff0bb2073ae7.jpg,1,0
black-and-white-left-arrow-yard-sale-sign_png.rf.2643bf3aa3add6188a0aec2f226034a4.jpg,1,0
668_jpg.rf.0d2089b302cff1e4ef23ff849e44c8b6.jpg,0,1
13-131234_free-left-arrow-symbol-png-vector-arrow-symbol_png.rf.cc28381464ab05b86451b9000a18f44f.jpg,1,0
arrow-left-on-black-background-vector-22564773_jpg.rf.32f931eb307bfdaf91f367353836ec6a.jpg,1,0
72_jpg.rf.fa8ea1e6a308a41b5a6f0a9849eb1cad.jpg,1,0
exit-left-arrow-sign-on-white-background-2JEJ8YY_jpg.rf.bf45db0b63db5724d7c97193912ba16d.jpg,1,0
134_jpg.rf.2f990bb63b29a681ef8ffd223aa2f18c.jpg,0,1
98_jpg.rf.29b62d7580ac2b37956a392d841800fc.jpg,0,1
62_jpg.rf.27c0967bcb2c44fb208c7a4a00958a2e.jpg,1,0
images102_jpg.rf.9049f01921ed2cdaf5dd418d3067760e.jpg,1,0
images103_jpg.rf.912d07da6d1fc03416159f0252d52682.jpg,1,0
161_jpg.rf.a8be77bf29340c29e98b0dbbc8b370bd.jpg,0,1
176_jpg.rf.dd74e0314a0153fedb3c28ab489479ce.jpg,0,1
0_jpg.rf.d38dc7b9c0abfcb2165b188d71f959f9.jpg,0,1
84_jpg.rf.074e566b875cdef4ffea644e8cd904fc.jpg,1,0
52_jpg.rf.7e4351174237a6ff4218ccff468c4dd7.jpg,1,0
images-27-_jpeg.rf.661dbf72f390b21a746ae067670f4d23.jpg,0,1
65_jpg.rf.ddd0802094854af4dd7b6cc5e88852df.jpg,1,0
arrow-27315_960_720_png.rf.393fe76273e0bdef8829e671abe46da9.jpg,1,0
42_jpg.rf.6c0268e816fb20d7abe3ed1df7f29a45.jpg,0,1
image26_png.rf.20e97ad030a4d53f66907091c69b8556.jpg,1,0
27_jpg.rf.d35d6f4766ce755b767ae501e7fa7fd1.jpg,0,1
images-2-_jpeg.rf.78c0e3c0ee6adacca43bb39d9bc7f518.jpg,0,1
1-jpeg_jpg.rf.a8da8aa75da31c5aa1cbf8908e256ea5.jpg,0,1
16-jpeg_jpg.rf.c9e5b93883643ddb8f86552bee894585.jpg,1,0
136_jpg.rf.6b59e5384491e0f1ce3adae773ebc10a.jpg,1,0
77_jpg.rf.f8d978a5659b55bf2ad6db7398cddfa8.jpg,1,0
11_jpg.rf.f0ddade54e0556405f6e13411a04579c.jpg,0,1
images104_jpg.rf.6c8a34f6387d3e010fdd0827bb1c4461.jpg,1,0
image14_png.rf.fbc51feb8fd81087d87e4712a27e69c7.jpg,1,0
165_jpg.rf.4d065e2ba0b23bb6837d07ca56c5184a.jpg,0,1
image27_png.rf.135bd52fb9a9a7f468aab304507aa068.jpg,1,0
196_jpg.rf.0ec2b03c6b445ff29840d636f689544f.jpg,0,1
190_jpg.rf.2f102329a1466a76b601285d74df960c.jpg,0,1
195_jpg.rf.8b98a25c0ecce5edfaefbb68a8422a7f.jpg,0,1
50_jpg.rf.f12d05432ac15b1e84cc22aae06a4878.jpg,0,1
79_jpg.rf.ef15cb7399e5ca4aff0857b4d4057684.jpg,1,0
image19_png.rf.874d5506c334780d14b1fc6418a83cdc.jpg,1,0
76_jpg.rf.f02dd9b7d58ed63ddf5e4f97096b54da.jpg,1,0
24_jpg.rf.ffa626ee808ce1fe227d039363dc6ed7.jpg,0,1
image31_png.rf.69a98892178cd38e175203d129484799.jpg,1,0
image28_png.rf.a91780f5163c3e2ba23e52193d57992e.jpg,1,0
image22_png.rf.18e700a1eb40be1fe07850113b39d475.jpg,1,0
167_jpg.rf.dd59966247032841dcfea5e750ac34cf.jpg,0,1
144_jpg.rf.93d6b28b78b8585d96e557a47175edbb.jpg,1,0
image29_png.rf.e6a0f87e91c2a9c40307e16e22480a71.jpg,1,0
images-13-_jpeg.rf.548918e391568466832ec08c1f9c8788.jpg,0,1
85_jpg.rf.cce0022fbec0cb9c88347bd8aac4a433.jpg,1,0
images120_jpg.rf.582df028b7b7894986cc4047a01383c1.jpg,1,0
92_jpg.rf.ac34a7ef44e5477db526b6774c036102.jpg,0,1
90_jpg.rf.b4790b98c39c692e01b33e2335a4b2cc.jpg,1,0
128_jpg.rf.0bd856f3451e075646e9824e88d756e2.jpg,1,0
130_jpg.rf.7e60e9ac405f619c6ec44d84c9d70afb.jpg,0,1
143_jpg.rf.dd41d23fe5b0f2ac88bbb4daf3f2c079.jpg,1,0
105_jpg.rf.14944be6001788e427f9a8b5731b86b6.jpg,0,1
images111_jpg.rf.3c28e52bfa0efce42dad5421a1b0aa99.jpg,1,0
image3_jpeg.rf.ae43c23a9a2a22c40a95136c12e76f91.jpg,1,0
138_jpg.rf.2f88e8f2b78b120b7e72c05df02af53b.jpg,1,0
249-2495527_turn-left-direction-arrow-sign-traffic-arrow-png_png.rf.d6d5ed43ed68b609c9061a7004e94186.jpg,1,0
image32_png.rf.c13ddd47acb7b817d57f70bec758a054.jpg,1,0
images106_jpg.rf.13bba7c408af733edfa3f39ee5db5dc5.jpg,1,0
image21_png.rf.5106bbcd8a5b83f73260eb18165a63c2.jpg,1,0
image20_png.rf.f8ce7ccb9287e45490178a9cea358b0c.jpg,1,0
151_jpg.rf.dc9b6b938b930b1448994082feb0b894.jpg,1,0
21_jpg.rf.0f4719c293aeda50d1b5cd68fe000ff1.jpg,0,1
215-2152164_left-arrow-black-arrow-key-png-transparent-png_png.rf.3db6c3ad0ec0c1173c16df5613886966.jpg,1,0
images108_jpg.rf.e2b137561d74b43a7807ceecadae2e7d.jpg,1,0
images105_jpg.rf.c92abb21051ae631eab384a003862b38.jpg,1,0
images139_jpg.rf.6a7314c82f801dac2755d2cbeff995fd.jpg,1,0
152_jpg.rf.d00d30ba77a05087ecb39a9a3a263162.jpg,0,1
008bdddd1c68e4ad8231b6ad483c8e25_jpg.rf.d187faceb538cb7327b010a8f6ee1843.jpg,1,0
65_jpg.rf.1e804c9357551727669070ae03c0ffa6.jpg,0,1
images-3-_png.rf.ab119740edf5806ce6495ad7b5fa6279.jpg,0,1
832_jpg.rf.c445ff10f994b83027e2d5e878086ce5.jpg,1,0
122_jpg.rf.ac60ed08bae7b54a887bcd6ae696a27b.jpg,0,1
images124_jpg.rf.41a3a5afbc5bfb638d8f594c1894a04c.jpg,1,0
image23_png.rf.c0d26a6cbb052f67e57ce7fc23047c0c.jpg,1,0
images118_jpg.rf.30b286993ef0fba4cd6a67bca1026dce.jpg,1,0
158_jpg.rf.9ca1aaeda354fb5e728291511df135c7.jpg,1,0
images137_jpg.rf.e1337b1726240df7dbe4fc6b1f114fdd.jpg,1,0
73_jpg.rf.475aad7aa24774d17043fbd4e1980d74.jpg,0,1
images112_jpg.rf.33ad6158b4a9b7dd380b0be3045ba8ee.jpg,1,0
images110_jpg.rf.86675b539c776a6d3184dc1aadf46b7a.jpg,1,0
images-18-_jpeg.rf.55b0e0eba8e8f200435ab03c8456ecb2.jpg,1,0
image30_png.rf.d68c9bb77415133b78c33e787791f51d.jpg,1,0
86_jpg.rf.32886466d24062802e14add32fcd8c27.jpg,1,0
images119_jpg.rf.1eae4af20ef9100f046f6ca79f7343d4.jpg,1,0
images122_jpg.rf.de72fbf91525da8b39d52b28e0cd185a.jpg,1,0
images126_jpg.rf.efd4b155bd1761a63428fbac7830d8dc.jpg,1,0
120_jpg.rf.fab7ba1c42f05c05292a92c8b837074c.jpg,1,0
image24_png.rf.d721f315f55347177c42df7b986c06c4.jpg,1,0
7_jpg.rf.6d88e992ca16ebb9af1cd86342621524.jpg,0,1
image25_png.rf.50ce1ed4cac48e923c3b2c4d6e4eb8f1.jpg,1,0
515modMLYPL-_SX342__jpg.rf.5afefe69fbf33f1be9243257d6d726e8.jpg,1,0
images-1-_png.rf.1b94fba73a7f6714bcc1dbc95f8fc498.jpg,0,1
28_jpg.rf.065ebf5b34dbd60d416572b6bacc5af9.jpg,0,1
287_jpg.rf.6dcb56043932f5920abbdeb59d0f84aa.jpg,1,0
153_jpg.rf.945572a0ec563d7f7cf5aa1736e20461.jpg,1,0
31_jpg.rf.5847c644320d4e120370a2d3ec744ac5.jpg,0,1
100_jpg.rf.50042aee0fc27e84cf4e4058a2a0f86c.jpg,1,0
83_jpg.rf.02954014d5e18e5fa0555347011bd2ea.jpg,0,1
201_jpg.rf.be345ffd4101933a9bbb0a84132fe4a1.jpg,0,1
114_jpg.rf.cc1dd40bc83dfa4433e20238a4de0229.jpg,0,1
57_jpg.rf.0a8a33a0a9b205cfa270bcec1f731d80.jpg,1,0
images148_jpg.rf.6b54c504562eaeaa2c8fc912b883979f.jpg,1,0
images115_jpg.rf.4d2274ae9a4f5d3fdcaf0b354d6918b5.jpg,1,0
images121_jpg.rf.49ec8903510f72ff05870d1a195db622.jpg,1,0
91_jpg.rf.6f4943e6fa9da4e8b0a691c2c1d99ca6.jpg,0,1
images-23-_jpeg.rf.e83ee4b6b9d887c5b9119096cea70ad1.jpg,0,1
images131_jpg.rf.788f74082edba3d6d940f243da1c984e.jpg,1,0
54476_png.rf.c641c819871158547d4ee94c29d97b78.jpg,1,0
images113_jpg.rf.0a071db491b9ed2dc4f490a020b8788e.jpg,1,0
images251_jpg.rf.e7198d60b607f8f4f54ab59aceeaf2f4.jpg,1,0
images150_jpg.rf.cda0ae18a12104e82d53fb263446b365.jpg,1,0
images151_jpg.rf.701d99505a5461663f83f095f58ff2ae.jpg,1,0
833_jpg.rf.ebe899ccf22b53fdfbb1a4184add563e.jpg,1,0
images149_jpg.rf.964cf044afd7a6becccc557f49c8a8cc.jpg,1,0
328_jpg.rf.bdff6545049d9d68ef02893b09cd884d.jpg,1,0
images138_jpg.rf.8616fe2cf2c4d676a7ff06cc339f3016.jpg,1,0
154_jpg.rf.d9639e81ad81880e27964140444ec46f.jpg,1,0
177_jpg.rf.5a763bb0deff217785d8fdda3c278d1a.jpg,0,1
3_jpg.rf.b677fe6bdd594e954f1b9b38e6e7d323.jpg,0,1
images132_jpg.rf.4e1fe71bdebb8101c3cc6188a27abf3b.jpg,1,0
140_jpg.rf.5a9acf2a70a4ba9d3d544986197e340f.jpg,1,0
74_jpg.rf.c1c1db018fb35493238121c11718c5a1.jpg,0,1
images168_jpg.rf.1d97a21cb62fc063570fae5bc7e5561e.jpg,1,0
images117_jpg.rf.8a8b79f77fcb893773482e29c9d2a786.jpg,1,0
images174_jpg.rf.9d70394a8f4768f71d1560b15afb17d7.jpg,1,0
9oITp0lDPqbL8low3RTGOQ_jpg.rf.92c6dfe0871702bd1d182887c26a1fab.jpg,1,0
images254_jpg.rf.b5b409b490d2702aecf79e0ef8782135.jpg,1,0
images141_jpg.rf.0211077cf1267acc4f6c63dce9d64949.jpg,1,0
98_jpg.rf.2aca589a4db0f31f7614eaab6ed9c935.jpg,1,0
images154_jpg.rf.12cb99a7e156b09762868b987f8142ac.jpg,1,0
images173_jpg.rf.c906209bab1b0e0b8b5b7f76289587bd.jpg,1,0
images18_jpg.rf.d6e4e2490a2d71040d105ddcb5c48fdc.jpg,1,0
597_jpg.rf.dacc8e6f8c82214dd6cfb5e58f2eccb9.jpg,1,0
574_jpg.rf.1e3590ef2ed5e64695fc643d4e50081e.jpg,1,0
images181_jpg.rf.c101f8c10bc58644dbcd9d8c1a70da93.jpg,1,0
581_jpg.rf.7b91ef37917e8e671a375d74f555bc6a.jpg,1,0
175_jpg.rf.2eb106014ac0d121e9669f6f150c5314.jpg,0,1
images15_jpg.rf.32772dc6ba6638378b961b7e64488110.jpg,1,1
download-4-_jpeg.rf.31f64c459670b4cfde54086834d40997.jpg,0,1
images186_jpg.rf.3dac057afa9322cf799ebb2200779b08.jpg,1,0
images255_jpg.rf.aa292f5e1b073d55dce4f26266384584.jpg,1,0
347_jpg.rf.d02ba6a1593e55c7994ee16433f32a41.jpg,1,0
images-17-_jpeg.rf.8564331372ceb6d76945668da5f20bf8.jpg,1,1
images155_jpg.rf.78bf6453e165747dc426d8c32fc2dbe0.jpg,1,0
images134_jpg.rf.e188535e22fc27e8069f7cab1fd3c0d8.jpg,1,0
images225_jpg.rf.ccd205a712d29f60d2b2b479871e7901.jpg,1,0
images169_jpg.rf.264f3d08977c9a964944b012f8f18ab1.jpg,1,1
148_jpg.rf.2517aef23b0bc015d955fe0b8103d0ae.jpg,0,1
576_jpg.rf.fb80d172493c8cc9b3c2cd53274420f0.jpg,1,0
133_jpg.rf.3d1f64cf9179c0fdab3f71e1a8faf1a9.jpg,1,0
101_jpg.rf.1b26e910a4ff3ec3f4023e1fe1e7c5cc.jpg,0,1
92_jpg.rf.cf38b5384a02a069373c13819c107a76.jpg,1,0
183_jpg.rf.2166dd88e7793519b97f462b38d4fb62.jpg,0,1
images164_jpg.rf.8e5711bdc553ea910bb0b30565df0fe5.jpg,1,0
94_jpg.rf.527574bd3cddbb52660b40487af75f60.jpg,1,0
images145_jpg.rf.8bbf370736baf8c2f3b357f933331295.jpg,1,0
331_jpg.rf.ddce4d8d9278d6b96a290dcdd44daa7a.jpg,1,0
834_jpg.rf.3cb18d2f8760f086db54da65b0b41cbb.jpg,1,0
images166_jpg.rf.ef6bed261c862ee338d2b2525baa1ef3.jpg,1,0
320_jpg.rf.1f2a61454a6db7a786218e0b8f2f2443.jpg,1,0
images287_jpg.rf.8ff78c93ec7d87262c30b3c91392ca85.jpg,1,0
images135_jpg.rf.3774c0db2a591e48ccf63ad6bb7b1594.jpg,1,0
images253_jpg.rf.aad7bfb751234522a2979632dbb256e3.jpg,1,0
143_jpg.rf.ddbc2619da44fc26556ff0f0f175b63f.jpg,0,1
left-right-400x250_jpg.rf.f465f93f2b8ef09c308cebb75cdc39bb.jpg,1,1
images286_jpg.rf.20f9f9e7bdad711eab415ef252163253.jpg,1,0
images256_jpg.rf.87db4367b973fe33186aaa91998d5838.jpg,1,0
301_jpg.rf.30abfa922bb452f98509c19944031c01.jpg,1,0
75cb29e50b9e2487cf262379434193df_jpg.rf.1416274430988de7fe066bca0960b69a.jpg,1,0
images16_jpg.rf.06ca947509e326782b4ef846eea86af1.jpg,1,0
302_jpg.rf.729cdf5a3124d30f7adb92dd2a7c346a.jpg,1,0
images185_jpg.rf.dd8316688d17f54030456870bd5c0cb0.jpg,1,1
46441_png.rf.4bb89394d73a668a438012dfd9572bbd.jpg,1,0
110_jpg.rf.84eb7b25f2e52ff6de3e1770db352f73.jpg,0,1
images2_jpg.rf.a167b6507cb755a9d96764243d70a454.jpg,1,0
WhatsApp-Image-2022-11-03-at-10-44-03-PM_jpeg.rf.bb4cb9324870ceeb69bc24605f1db636.jpg,1,0
564_jpg.rf.14b81d810909e2c3d51f3dfd3e0d4e03.jpg,1,0
WhatsApp-Image-2022-11-03-at-10-43-39-PM-1-_jpeg.rf.8d09a5ef8a42518820b35f85c835f824.jpg,1,0
right94_jpg.rf.3bb3802932093df77ac814d7364e23aa.jpg,0,1
right191_jpg.rf.8183262d82b293f1d902e8315a3c64e4.jpg,0,1
right93_jpg.rf.c6f93c59e8a05fd3b41ca67a497ee549.jpg,0,1
WhatsApp-Image-2022-11-03-at-10-43-58-PM-1-_jpeg.rf.d997cfac1e053fc3a34b8a138dfddc70.jpg,1,0
545_jpg.rf.4704b8a4f6449719d1c5df05a3631015.jpg,1,0
WhatsApp-Image-2022-11-03-at-10-42-52-PM-1-_jpeg.rf.b6d6a3aee0761107aa9299925cf3d5dd.jpg,1,0
239_jpg.rf.157f642655f3cf5ad6920df72c22d79e.jpg,1,0
right192_jpg.rf.e8efc4610f4c4b645159106328543229.jpg,0,1
540_jpg.rf.9443e5a819a58b69fd03f895b96ec92c.jpg,1,0
WhatsApp-Image-2022-11-03-at-10-43-58-PM_jpeg.rf.e0c2b636fb34d71fd28bb23b2c41214e.jpg,1,0
right189_jpg.rf.04948f3141190cdc354af9435f54b589.jpg,0,1
554_jpg.rf.19ea6f1826eaa367826fbfb6f74049ae.jpg,1,0
261_jpg.rf.66348b1653d5092eae5574a0c929b79b.jpg,1,0
images326_jpg.rf.39be9000bf46b906fd3e8769cfd60c04.jpg,1,0
WhatsApp-Image-2022-11-03-at-10-43-36-PM-1-_jpeg.rf.efcfa19d3759da673c3516fcced5ceb2.jpg,1,0
WhatsApp-Image-2022-11-03-at-10-43-59-PM-1-_jpeg.rf.6d74ff9584ee2113f220ce0298f2175b.jpg,1,0
549_jpg.rf.3984cfb4e19ac2e10ec98fcdb637e8fd.jpg,1,0
right193_jpg.rf.b02f102519e6d92f4efa6830f37b9a90.jpg,0,1
WhatsApp-Image-2022-11-03-at-10-43-36-PM_jpeg.rf.c156b4de1acda0a979855960ad30b31f.jpg,1,0
220_jpg.rf.7b52b1333924355604f3f9beee465c42.jpg,1,0
images335_jpg.rf.4f1a75a4d80dbc930c3c40f77d815283.jpg,1,0
download-1-_jpeg.rf.e86123fedb0047c1a4c73d655383077a.jpg,1,0
images306_jpg.rf.559e15e991b7922246a7728ce968885b.jpg,1,0
255_jpg.rf.2a9a69bc5703b5b2787718e39527cb5a.jpg,1,0
right186_jpg.rf.0abf34fc7fc9ed45ef541e5e6bc13664.jpg,0,1
WhatsApp-Image-2022-11-03-at-10-43-27-PM_jpeg.rf.962d76e63c85561ba351edf22961918c.jpg,1,0
2-jpeg_jpg.rf.8ae2b7ce8083a5c102558ba2a2e07d1b.jpg,0,1
542_jpg.rf.6c2b1d9eac6c520b674ec90608560f39.jpg,1,0
WhatsApp-Image-2022-11-03-at-10-43-40-PM-1-_jpeg.rf.14f4cd82437fa5aee7e9160a7463e3fd.jpg,1,0
369_jpg.rf.40d7b565c916c89cc41f64251467da40.jpg,1,0
WhatsApp-Image-2022-11-03-at-10-43-39-PM_jpeg.rf.0ab529d5b963b9c32c43460008ca07e3.jpg,1,0
WhatsApp-Image-2022-11-03-at-10-43-45-PM-1-_jpeg.rf.cdc9e3246d3404b1acfcd813a7b2e6de.jpg,1,0
565_jpg.rf.958c2397003ed37a214fa350980530f5.jpg,1,0
WhatsApp-Image-2022-11-03-at-10-43-59-PM-2-_jpeg.rf.f8f3d76d44063ddc1197401cad153956.jpg,1,0
560_jpg.rf.c8c4109ccd9681e9d271733e312b4e90.jpg,1,0
WhatsApp-Image-2022-11-03-at-10-43-44-PM_jpeg.rf.7f2e542a193207ff40c4afe6ca6b5dc8.jpg,1,0
WhatsApp-Image-2022-11-03-at-10-43-35-PM_jpeg.rf.8866a73b9ec9e24f04aaf552fb5eb337.jpg,1,0
images308_jpg.rf.d65e524c5a852ddbad61296c4676c93d.jpg,1,0
images-11-_jpeg.rf.2d292e9722fd2a8cd75f9273c5aa8451.jpg,0,1
548_jpg.rf.ffac59f948aca5850d5d5bf6a523a7cf.jpg,1,0
WhatsApp-Image-2022-11-03-at-10-43-36-PM-2-_jpeg.rf.0bd74cac4edfa32ac2c18fd99e6efc7d.jpg,1,0
images307_jpg.rf.04095f1e02a779cbb939870a06cfe683.jpg,1,0
WhatsApp-Image-2022-11-03-at-10-43-31-PM_jpeg.rf.3cda5ae4df49cb6b907c3976efbcd78f.jpg,1,0
WhatsApp-Image-2022-11-03-at-10-43-33-PM_jpeg.rf.952bd1d8eb2c98acf8d40a63905efb86.jpg,1,0
right190_jpg.rf.f9f0e10eaee3168b1e56f729f332ec8d.jpg,0,1
WhatsApp-Image-2022-11-03-at-10-43-41-PM-1-_jpeg.rf.1840e46704740ade6feb5979d5a9dadd.jpg,1,0
WhatsApp-Image-2022-11-03-at-10-43-38-PM-1-_jpeg.rf.c656408b4f1f4dacefc194431aebd0a9.jpg,1,0
WhatsApp-Image-2022-11-03-at-10-43-28-PM_jpeg.rf.4003d8cc39e927dcce16bf035ffb2b7a.jpg,1,0
551_jpg.rf.501b445004fea5a93d6f3a27d2a21e57.jpg,1,0
252_jpg.rf.7b62495b39341c67235c827aad9b27f3.jpg,1,0
4-jpeg_jpg.rf.66f5cd051c60cad0f20fbe523421dcaa.jpg,0,1
WhatsApp-Image-2022-11-03-at-10-43-41-PM_jpeg.rf.adab9365de2f6eb0c27260ed2c594c87.jpg,1,0
550_jpg.rf.be8cf115d4ca903707c5058e26bd1760.jpg,1,0
WhatsApp-Image-2022-11-03-at-10-43-42-PM-1-_jpeg.rf.b7565bf2da59a6305a9e56955a6e9172.jpg,1,0
880_jpg.rf.a17287b86f04760ba6f5ea7a0852aaf8.jpg,1,0
right187_jpg.rf.d389b32505e5a1213df5cf3fd0c04986.jpg,0,1
right95_jpg.rf.67ecec90374927e0d7522913227cb7e6.jpg,1,1
254_jpg.rf.530a7f948fd85a823120ed14ffecee1e.jpg,1,0
images40_jpg.rf.7d070cabdbcc77aee9740e9107c83c48.jpg,1,0
561_jpg.rf.685556e66dab65bcb5f9bab1e1897f6f.jpg,1,0
WhatsApp-Image-2022-11-03-at-10-43-59-PM_jpeg.rf.7558e694dbdce8a56bc810b8a7615588.jpg,1,0
625_jpg.rf.c74c8315255d8c0c0a19334ddcf33b2f.jpg,1,0
WhatsApp-Image-2022-11-03-at-10-43-56-PM_jpeg.rf.0f18544283cb27ddbbf0d67a0d14c0e8.jpg,1,0
624_jpg.rf.df5d9fff8f41903d3b9deaee1042fd4a.jpg,1,0
images327_jpg.rf.7a78c7f63d1cd54c2f01152f21105d15.jpg,1,0
247_jpg.rf.c7ef15b4f135cf45ca29b2cb2da69fd4.jpg,1,0
60_jpg.rf.16547e0f11dd40da0afbc8de3bac8759.jpg,1,0
black-spray-paint-arrow-sidewalk-to-tell-people-where-walk-which-direction-some-shadow-sun-exterior-cement-floor-272921703_jpg.rf.f143040cb92c54834dcafe6393c749a1.jpg,1,0
WhatsApp-Image-2022-11-03-at-10-43-57-PM-1-_jpeg.rf.e3be7f503d445323ce408192deaf4a77.jpg,1,0
WhatsApp-Image-2022-11-03-at-10-43-29-PM_jpeg.rf.1d0b237b5e8302598e8465d6fc349d18.jpg,1,0
right185_jpg.rf.01e3f8f161ddc3c6b48e2b4d8839a838.jpg,0,1
images4_jpg.rf.fd01823ef9e1fa9238a07e15b58b200d.jpg,1,0
241_jpg.rf.b43aa1da4f23e22c66b50cca93ffbdb6.jpg,1,0
WhatsApp-Image-2022-11-03-at-10-43-38-PM_jpeg.rf.096c1446319d4f32a3b5812c1b37ef8a.jpg,1,0
WhatsApp-Image-2022-11-03-at-10-43-56-PM-1-_jpeg.rf.5f8f7d6d9aebf42b755045f3c0ccb0d8.jpg,1,0
images339_jpg.rf.c03ffebb9e6a0148da2755d623e16e0e.jpg,1,0
images329_jpg.rf.7abd264b778d78caf936979ee4d7c124.jpg,1,0
652_jpg.rf.f41fffdfe313978d9cc053f035de6c2a.jpg,1,0
images328_jpg.rf.6965510af3faca52eccc55a7da0f9ea5.jpg,1,0
12-jpeg_jpg.rf.6919747be95c1a25aa04ad27f6db9c6a.jpg,1,0
537_jpg.rf.fce1aeb6a1339bbf01263278170fd5c4.jpg,1,0
images340_jpg.rf.9bcfa8334a8cf462ce5ca489ec8ce40b.jpg,1,0
248_jpg.rf.019a784cc5a9a77a6936bfe40e3ffddc.jpg,1,0
12-arrow-sign-edisto-beach-sp-sc-3-30-19_400pix_jpg.rf.65e80d73666e4be0d27f2c9c53cc5a47.jpg,0,1
images41_jpg.rf.516d630375c66e716e219643d6f30e1a.jpg,1,0
WhatsApp-Image-2022-11-03-at-10-43-42-PM-2-_jpeg.rf.73c8a76420fbb4404ecd6a93a21f6c58.jpg,1,0
road-direction-arrow-sign-500x500_jpg.rf.d5ea6b1b767602f0fa29d8d6cf1c4fed.jpg,1,0
images42_jpg.rf.d8b16549c31e38a3dbea093041cc912c.jpg,1,0
images33_jpg.rf.10813cad8afcd9458afbb0f3a605d497.jpg,1,0
WhatsApp-Image-2022-11-03-at-10-43-57-PM_jpeg.rf.d4ea120a04e42ea22bca001e4c525c12.jpg,1,0
download-2-_png.rf.2148d37f485744e386418b4a796c91d7.jpg,1,0
396_jpg.rf.9fcbc012a69b2246587a912b8edfba36.jpg,1,0
images342_jpg.rf.8196f9b0cabcc677d530358585cae814.jpg,1,0
556_jpg.rf.1a4ec62b4cd03d592bdb6cb16cfa2e2a.jpg,1,0
622_jpg.rf.b43ff7cba83b4db23bcd44eb7d87ee0e.jpg,1,0
images48_jpg.rf.89ff0fdaf3813815a2628145cc1f46be.jpg,1,0
107_jpg.rf.7c6ddb88804b3d0de2aabeac7ee4989f.jpg,0,1
images90_jpg.rf.c44297e3c4558163bf28b2f2955fc402.jpg,1,0
images-5-_jpeg.rf.ad93510fb460ae26b99ab5ea68b89707.jpg,0,1
images343_jpg.rf.4bec592cd5cf599339c02148d3e2c470.jpg,1,0
395_jpg.rf.ecd5019affdb206c9e3d7697a12a07a9.jpg,1,0
images62_jpg.rf.d47b1498dc1ae43ecb746b5df42fb716.jpg,1,0
WhatsApp-Image-2022-11-03-at-10-43-43-PM-1-_jpeg.rf.00f570d53e7d2645b85dc5d8536f6d4f.jpg,1,0
download_png.rf.c3099d55d43b4f6322c0b57303d201ef.jpg,0,1
one-way-traffic-sign-photo_jpg.rf.3dc0dbb3a05fa419540d4da42d1c891c.jpg,0,1
images334_jpg.rf.3074c66701523c971cfd762ce020647a.jpg,1,0
63_jpg.rf.b788dde951e83515ed337bba24b99a19.jpg,1,0
images341_jpg.rf.53a0564d8e79991806b58e44a888ed60.jpg,1,0
images61_jpg.rf.c3c724af8200a1b78ae09eaf9237684e.jpg,1,0
542_jpg.rf.a7053ebe58829ac594339eb91b9d38a1.jpg,1,0
WhatsApp-Image-2022-11-03-at-10-43-42-PM_jpeg.rf.44af06d584b39c16b849b0ff88460fbd.jpg,1,0
105_jpg.rf.1c3da44acdc8dbcd5de5a2ce9e1b0da7.jpg,0,1
WhatsApp-Image-2022-11-03-at-10-43-40-PM_jpeg.rf.2a6324d72a4dd76ce9be12facf6eee41.jpg,1,0
WhatsApp-Image-2022-11-03-at-10-43-55-PM_jpeg.rf.6f3605aacacca17c33d39b7e530f3364.jpg,1,0
images346_jpg.rf.1ccaf416e324d17a8edd78f99a1c3c61.jpg,1,0
images43_jpg.rf.df392cc5f280be5f6553d2d73e3ac43d.jpg,1,0
54_jpg.rf.bbf9d8d0ee6798ac79f1d2016290f010.jpg,1,0
images92_jpg.rf.878658bded55103ddcacf7fefa552250.jpg,1,0
images345_jpg.rf.8fefc25f0e39d111b4dfae3e79e06256.jpg,1,0
images-10-_jpeg.rf.c5b8ea8a3bfff3c918c207884c3d7a94.jpg,1,1
249_jpg.rf.94d7e16fd82d9aab9234ac3cabf1adb5.jpg,1,0
images81_jpg.rf.883f9305f9ed0bf0eb7cee08213106f0.jpg,1,0
100_jpg.rf.bd523b4c1d170e225ed993930b4d7f1e.jpg,0,1
672_jpg.rf.5dd4aa1705fd15b4d8b54c4b43e53e3c.jpg,0,1
WhatsApp-Image-2022-11-03-at-10-43-44-PM-1-_jpeg.rf.2b027e62134741e0ceca9610b4173e94.jpg,1,0
WhatsApp-Image-2022-11-03-at-10-43-43-PM_jpeg.rf.284e6a3fe430ff1a3dba86d5f6f23421.jpg,1,0
img_69817_png.rf.6ed6ac012f8eb594bd5e56849bd80ea8.jpg,1,0
614_jpg.rf.6ee952e34875c040b57e01f208460809.jpg,1,0
380_jpg.rf.42738abdbac5915e9348f2220615f6f4.jpg,1,0
images309_jpg.rf.e76562b5b11b575609ec721ce4c74f85.jpg,1,0
images80_jpg.rf.5d70eafae92d02040ca3de385d6439a2.jpg,1,0
WhatsApp-Image-2022-11-03-at-10-43-44-PM-2-_jpeg.rf.18e49bfd99e99e49f8b71f25ee0e8e3b.jpg,1,0
WhatsApp-Image-2022-11-03-at-10-43-55-PM-1-_jpeg.rf.cd09a8dc3998451a5c8f113ec17b60cf.jpg,1,0
images91_jpg.rf.959f9d3cd5f7c3ad30ff52ba19048063.jpg,1,0
582_jpg.rf.858b2fde6aeddad5c8daf88ee32b010c.jpg,1,0
images337_jpg.rf.a7e4023f642b9c6cf11b43b637cb711d.jpg,1,0
images336_jpg.rf.59e7e77d02674b63aaed5f478707008f.jpg,1,0
images47_jpg.rf.0feb3b2a6dfa35bba8097991d81351b1.jpg,1,0
images-2-_png.rf.f4d35770a8d64320404f0afec9283ecb.jpg,0,1
641_jpg.rf.4d3987fc23f52616a2d276c6e5eb204b.jpg,1,0
images37_jpg.rf.705393f3d5335f2d99316a0be27e20de.jpg,1,0
images51_jpg.rf.f2e50efc20639b8a3f96021b02183670.jpg,1,1
images71_jpg.rf.a86ed6fc4a6363a0b7a7f0acddc50577.jpg,1,0
images70_jpg.rf.c4779bf2da7bb59117b832a99daa5d05.jpg,1,0
643_jpg.rf.8c9fe1d25ba3b3aad88ab1731a75b0f4.jpg,1,0
10_jpg.rf.70732daa4442aae593ccb6a88e7d37ad.jpg,0,1
640_jpg.rf.bb6678110c7c8831f7d35000ecefc8ad.jpg,1,0
images59_jpg.rf.dafbe68b1d12e6848fc0f8585ce5d831.jpg,1,0
630_jpg.rf.b21e64ddcec68776788095a844b278cb.jpg,1,0
images324_jpg.rf.c198fdf07577fb7107ff5de80948ad04.jpg,1,0
images79_jpg.rf.4101a446fe58ecbb2c7d543dfbb084fb.jpg,1,0
images-28-_jpeg.rf.cb16b924d730e68dd9a796ec580ffb6c.jpg,0,1
img_71317_png.rf.14e94ac1eb74f4e96bc66d9ff9e73dbe.jpg,1,0
639_jpg.rf.3f951e19e42489afb5d4086fd390d78b.jpg,1,0
images58_jpg.rf.01c65a53c29421128d3226419f3817eb.jpg,1,0
left-44038_1280_png.rf.421b1c5719c27bf7985997d24d6885f5.jpg,1,0
646_jpg.rf.9c509da51f5a99edbef5e029cb047f9c.jpg,1,0
images323_jpg.rf.af39cbbdfc4eb6d0fee29b863e2c239d.jpg,1,0
615_jpg.rf.c6ae6fcda71b1682625332519e56921b.jpg,1,0
images68_jpg.rf.48f2c0d439547d1f00fad927b16afa85.jpg,1,0
104_jpg.rf.5be52d424837aad2cc6dc5002f8514ff.jpg,0,1
images310_jpg.rf.c3201b2580268e909bc8001fe23fe51b.jpg,1,0
images52_jpg.rf.ab75d69d6977e6b5e3150e4c11be8bfd.jpg,1,0
p0b8jwkn_jpg.rf.0f1f7f50db7adf13d6d400f14b1011f7.jpg,0,1
left-arrow-line-black-icon-png_281624_jpg.rf.1b524ef3ca541e4605b7f64676bd3858.jpg,1,0
images60_jpg.rf.63dccba6b48e0969a972a5fe927cce24.jpg,1,0
julia-trotti_crooked-forest_034_jpg.rf.fca4303aca6f6ccf12ef1f4a4cafc233.jpg,0,1
left-arrow-9_png.rf.cf6ce68cf08e607b3dd1161dfbb99b29.jpg,1,0
images-22-_jpeg.rf.fb8af20625550d4b4c74d2dbafe3984f.jpg,0,1
881_jpg.rf.28eb590181a2a0c6416fe660bfd35247.jpg,1,0
images316_jpg.rf.e36b2738f083f22469b3f520cb02c738.jpg,1,0
images322_jpg.rf.2e532f8b87c0f53fd9478fc646b7d5ba.jpg,1,0
images72_jpg.rf.1b078740585c169440f30a61b4ec743d.jpg,1,0
1_jpg.rf.8e5f8dabaa560826b31a8b1779fb67bc.jpg,0,1
png-transparent-arrow-symbol-sign-right-arrow-angle-logo-monochrome-thumbnail_png.rf.89175f5e57b67604b626c3c67f801ea3.jpg,1,0
images74_jpg.rf.fe7825d1dc7f0bcb3e1460da7911ffa5.jpg,1,1
images313_jpg.rf.0cdb6114710556ada66a780149654ba6.jpg,1,0
407_jpg.rf.be3357c0305becd60a7457a27cc66945.jpg,1,0
images57_jpg.rf.2a2569847e59dec097a92f55fc652598.jpg,1,0
images73_jpg.rf.9ab57264ea1b61684b1393ec523e37d0.jpg,1,0
11_jpg.rf.1390420cedd94c4aee5fb087c91c2a42.jpg,0,1
11-jpeg_jpg.rf.a367bff960be0ed814795e11b04d2fae.jpg,1,0
404_jpg.rf.5c1e78209c90e1e9b964b63f24a4e013.jpg,1,0
110_jpg.rf.522a9ae7be9dbd5a2a2b540741f912f8.jpg,0,1
left-arrow-png-favpng-6Gwhnr9LgVfP33gZFFkJDnSni_jpg.rf.53d5f7bb16816c3baac6bc474c7ec464.jpg,1,0
images318_jpg.rf.3039231ae60c57d97609596bb1116638.jpg,1,0
a-red-arrow-sign-in-a-coastal-car-park-shows-the-way-to-the-beach-stormy-clouds-in-the-background-cape-town-south-africa-rmg16m_jpg.rf.ffd0ddd42461796a5f31a396d37c1f05.jpg,0,1
633_jpg.rf.f9df29d2f5f91cab64beffdab59f4691.jpg,1,0
WhatsApp-Image-2022-11-03-at-10-43-45-PM_jpeg.rf.ab4a81763ed9fed164f6c3750e5f3fa5.jpg,1,0
images31_jpg.rf.631f999d4ca5dc343989ce67fb13dcf1.jpg,1,0
0_jpg.rf.9a0a65e08f5648e0c665ad2a2fa7f1e0.jpg,0,1
left-arrow-png-favpng-LiK7APsL0NkVFSndmnMCZxtJV_jpg.rf.40fee25de6cb02e1d8fe952d006785eb.jpg,1,0
images93_jpg.rf.5338996330f54e50d30fddcf25e53767.jpg,1,1
images-3-_jpeg.rf.e9dfc12cece4eea67ad5990b2075b538.jpg,0,1
images65_jpg.rf.b24c63eac8accb59a699a653423e0c76.jpg,1,0
415_jpg.rf.8e455354abb16f6f53d764f1201e1e03.jpg,1,0
images64_jpg.rf.6e5f231727c994f6923523d5595db920.jpg,1,0
114_jpg.rf.0593a2a5a1c40013c26e6caa6afe521f.jpg,0,1
408_jpg.rf.5574891bfe8c3119b6766e80b266565e.jpg,1,0
images-21-_jpeg.rf.db7b5fcb454d64ac5fbab791c5362cc3.jpg,0,1
109_jpg.rf.27e560ec2c672db6161f2ba99309bdad.jpg,0,1
images97_jpg.rf.020151f3d70b6f1855e387d2e59f55c1.jpg,1,0
pngtree-black-left-arrow-png-png-image_4860502_jpg.rf.f065008348c7e1c62a14ae48706107d7.jpg,1,0
112_jpg.rf.7adce0f750323548308fd705dd993cfb.jpg,0,1
101_jpg.rf.3bf1b3e9cb46f9632a819d764b3412e9.jpg,0,1
one-way-sign_jpeg.rf.ccebb3fecb48c23c018da03a9545c58e.jpg,1,0
644_jpg.rf.4dbabddfb0534fcb8086f3451ca0a9a4.jpg,1,0
640_jpg.rf.0e9901684480c23d2eb5c066d08d2bcb.jpg,1,0
103_jpg.rf.7bb5d5e4274ec38df1ffff8c27f74462.jpg,0,1
516_jpg.rf.4876b764b7e6fbf41f1190404c0201c8.jpg,1,0
883_jpg.rf.83cd74850622dd3f657a54409b113bc0.jpg,1,0
ncXpp7kri_png.rf.4abde10b5427c745d0922f3ebd91bf5c.jpg,1,0
113_jpg.rf.63c000fc427d5a799ffbaad0946f6271.jpg,0,1
637_jpg.rf.6d0ead617796776f59b2fe48b671992d.jpg,1,0
images53_jpg.rf.6148daa0580f652978ac147d86593f2d.jpg,1,0
images258_jpg.rf.701eba1af7857be845fcedf9bcaf4282.jpg,1,0
45736_png.rf.fed90f9d6604f2f2c719e58a0e45007a.jpg,1,0
835_jpg.rf.1b717d9eab61331b68b2e6389572ceac.jpg,1,0
364_jpg.rf.72ab5484f5118279b7793721d29920bd.jpg,1,0
361_jpg.rf.3317963660dce29237d20f216a32ec6b.jpg,1,0
354_jpg.rf.c429a5f0206226833184b5def87e9c1c.jpg,1,0
608_jpg.rf.a05c3499108c376f2b2786dbf196349a.jpg,1,0
images285_jpg.rf.832ec92a08e97331d8c1c842642ec042.jpg,1,0
images162_jpg.rf.58bb85bb0053f3f3335be7fda4710a08.jpg,1,0
images288_jpg.rf.d4e741e59bbdc63658ce1ab6ea155d44.jpg,1,0
images228_jpg.rf.9a2728d456d3fafaed345005b0207b84.jpg,1,0
592_jpg.rf.f9e811400367ed6c7d64f40e55b636a0.jpg,1,0
155_jpg.rf.eebbc45528decc948708a87726e71033.jpg,0,1
303_jpg.rf.a2ed60b1ba2c1442c576073459325539.jpg,1,0
images14_jpg.rf.2647eee47c328f4dee8144cd1b4a50fd.jpg,1,0
images265_jpg.rf.d1077c5347881119d107752b8f356db5.jpg,1,0
images163_jpg.rf.bb539f76e85b7d7e4f51b0468fbd6a22.jpg,1,1
images284_jpg.rf.9d3224270fbdfc35de45dec61c0e43bf.jpg,1,0
Gendarmes_et_voleurs_de_temps_jpg.rf.ab2df1896ce83a6cfaacdbff68edf0e4.jpg,1,0
images259_jpg.rf.900f7e15f932d2e77c239040c0a0a474.jpg,1,0
images211_jpg.rf.0c31b89f8e05c5f3c526df061b9fa3b0.jpg,1,0
images266_jpg.rf.6ca029f669f199b1f41504d2ee8a56e3.jpg,1,0
images140_jpg.rf.951229e3a1ba2b854d16d37b6a227337.jpg,1,0
images297_jpg.rf.67c08b324732c6b1d142644cc2d5aa88.jpg,1,0
images189_jpg.rf.717af4ad8b245eac5e849317f700a6e9.jpg,1,0
39_jpg.rf.6b52ffc754500592c8381c4c772ecabf.jpg,0,1
96_jpg.rf.25a21bd09c437db963e5775b64d1d477.jpg,1,0
135_jpg.rf.d36f206213638af9194fcf45cc35ffbe.jpg,0,1
94_jpg.rf.ea52e293a8b2e0fd3f044764a7b46f9d.jpg,0,1
images-6-_jpeg.rf.960896322e3572c8e6423810007e18da.jpg,1,0
599_jpg.rf.217d519019608827a301af8e3a1b5c62.jpg,1,0
188_jpg.rf.6026383a546fee64c14e4920f100e1f0.jpg,0,1
download-5-_jpeg.rf.0e1c902a3419b15fdd3faf082bb1aa26.jpg,1,0
97_jpg.rf.65111b26c1db73c409ae6dcce236cfe2.jpg,1,0
images-26-_jpeg.rf.6ac057d313171674f6d8a08ecfc0c4a4.jpg,0,1
images268_jpg.rf.c255f44fa0f9f0e1049b9f744b12a7d7.jpg,1,0
601_jpg.rf.8589e690322f568c886af921e25c2e83.jpg,1,0
840_jpg.rf.eab99bda2b915cfb195ffbe2e3556222.jpg,1,0
78_jpg.rf.a67352a29eb107c918b09cc92c7cefb0.jpg,0,1
images209_jpg.rf.04c8d906b9ea6812b73ca3fe0df529b7.jpg,1,1
images296_jpg.rf.57ec834c1b9ba3de0c520c629c07def6.jpg,1,0
images180_jpg.rf.94b4e588a87f536d90105a6722efe596.jpg,1,0
70_jpg.rf.557e90ddb9c0cee5fd47470d1c495ec6.jpg,0,1
289_jpg.rf.9949debae3e8f0d20d23699b3a508949.jpg,1,0
357_jpg.rf.e93127686aef30df0d7522f46964a9bb.jpg,1,0
312_jpg.rf.5d4e973f7318aac53c7ad13793a88873.jpg,1,0
297_jpg.rf.2ea42e9bbdc56f7a5c0d6ee93dd1053b.jpg,1,0
images188_jpg.rf.86391b761a5a9109047c71b8e9a5d03b.jpg,1,0
images262_jpg.rf.35803addd86c2178a2c047f2becf176d.jpg,1,0
images207_jpg.rf.71199454c4f825c834a7b5bc8a66560d.jpg,1,0
images191_jpg.rf.dd5e7fa0a8371a53393981b750593933.jpg,1,0
images-14-_jpeg.rf.4e941eab57f0da2065f39efb25b917fd.jpg,1,0
images217_jpg.rf.4bbbe98ec5e6358481899288e951c2f9.jpg,1,0
62_jpg.rf.02d0358c0f8d2ba5f8cb81d576f66f13.jpg,0,1
images231_jpg.rf.728ca2712a49bbef69287bc3d5d2f6a3.jpg,1,0
images21_jpg.rf.3f7a2ecb152137b73f19883818ed2787.jpg,1,0
images214_jpg.rf.435f3344b4d35bc82e1f14cbcfa27033.jpg,1,0
366_jpg.rf.cb063035bf8deb2ecfabc5f605cec708.jpg,1,0
193_jpg.rf.7448dc093afb888a7b1d41047af89860.jpg,1,0
images212_jpg.rf.c2e565881e047e7cc1032eda4ea1ce59.jpg,1,0
299_jpg.rf.fcfba4782aeaf420f7a2bc7c0d068990.jpg,1,0
images203_jpg.rf.cc286e69993b00a0c0c7ba1d0e7e8fc4.jpg,1,0
213_jpg.rf.7c75b69aac701b1b1d4edecab39359d1.jpg,1,0
images295_jpg.rf.3e95d008bafc1c84b6d8267f840e35cf.jpg,1,0
590_jpg.rf.78068881d3c50245164b44eff3423b34.jpg,1,0
images264_jpg.rf.64e843f1cbbaf56b74c11dd3a86fb127.jpg,1,0
images-7-_jpeg.rf.760498696db4b065b640bb00a25f4f7e.jpg,0,1
images293_jpg.rf.5cf3e4899934d3df599550ef4bef7a2e.jpg,1,0
838_jpg.rf.00102d764caa94e9a350b1d3db262219.jpg,1,0
181_jpg.rf.10d9f4723d341fa3e9da8c115fe9ea62.jpg,1,0
images291_jpg.rf.3e55c9926cbf5c2bf284cb69b63bd387.jpg,1,0
images215_jpg.rf.8cb8776c3f6497b7027c5bfcc513879e.jpg,1,0
595_jpg.rf.4b1ca4f79980711c4847828fc5b50b59.jpg,1,0
365_jpg.rf.6bd9c6eb64682b58db700665d4244564.jpg,1,0
images167_jpg.rf.61e64208bb1511164ab1fe85e691d4db.jpg,1,0
602_jpg.rf.5103ee54e98c991a089b06a0d8f90184.jpg,1,0
490_jpg.rf.62e8bb097a648c021e1ae1a97719a5c5.jpg,1,0
images261_jpg.rf.874ec5a5ab44d54bbb5107af6e60c18c.jpg,1,0
80_jpg.rf.d766e198869082d021bc8d2855fc0232.jpg,0,1
images17_jpg.rf.e544cae85ced4473921c6d8951848085.jpg,1,1
593_jpg.rf.a70ad8caa167897ab5b0c87c3b9eafdd.jpg,1,0
images202_jpg.rf.e80088d33c99f246b0d6567d4469a7ca.jpg,1,0
images230_jpg.rf.acb69460a3823ab4b248d0e9db870cc0.jpg,1,0
images222_jpg.rf.7b8854cf9559cb13f2a875e958108c4b.jpg,1,0
836_jpg.rf.79b69d6078b278cbd2ebbcf0b5e259a8.jpg,1,0
317_jpg.rf.9e0eb74a784fb2336efb7d0c3ccc7346.jpg,1,0
14-jpeg_jpg.rf.1469466e4c5fd749eafbd74cb5110897.jpg,1,0
219_jpg.rf.cbb6b90798b697e8b0a8221a1741a7ab.jpg,1,0
images216_jpg.rf.07efc73dd267278924c83db2c4b16641.jpg,1,0
images221_jpg.rf.ef5e273add2c0d1ba381447905e030f2.jpg,1,0
837_jpg.rf.da5fa6f39e0d6f2a21256e7b52493d79.jpg,1,0
573_jpg.rf.b7bb96384b47f8824bcba9ef1718b47b.jpg,1,0
307_jpg.rf.a56e3fe749d2386a1ee7a2b34ad644c3.jpg,1,0
images28_jpg.rf.5b174bcdd0dc9f4ffcd765f8cc8f1920.jpg,1,1
images19_jpg.rf.8df96dc847f9e3540837bfd7cb77a052.jpg,1,0
images197_jpg.rf.61a426d17c0550dba231c87f4ff38754.jpg,1,0
259_jpg.rf.249af16160e84558b2e7add1111f76dd.jpg,1,0
images219_jpg.rf.d4b7eed94ad0b0f730615e3a8f16e50e.jpg,1,0
15-jpeg_jpg.rf.38766c91b64907bc5d2d44a55ecf003b.jpg,1,0
896-8963194_left-arrow-supplemental-sign-black-on-yellow-traffic_png.rf.7d14da3f2c47bef7a010a807e806ff9c.jpg,1,0
173_jpg.rf.4d4728eff1f99b30867ebc5ec46242cd.jpg,0,1
images182_jpg.rf.c418ef365bc7df966484f9f0377ed099.jpg,1,0
103_jpg.rf.26a9ca93e2720f143c08ed3cef2c76bc.jpg,1,0
247_jpg.rf.f6e05eaf50a06c6ddea3a4857d35b966.jpg,1,0
images170_jpg.rf.5c197d66c97120a70de20f246d1de014.jpg,1,0
images246_jpg.rf.803969dea9f8ccbbae78896864e81eff.jpg,1,0
657731_arrows_512x512_png.rf.f9e655c111cdb4dd487e4820dbddc6d2.jpg,1,0
609_jpg.rf.1516b12a03d46e0f1e983cb396842aad.jpg,1,0
images248_jpg.rf.b08e2a8347aac64e06c483be8aa1dba6.jpg,1,0
135_jpg.rf.c60f1b34145dea452500b822dad79e3d.jpg,1,0
images277_jpg.rf.4de9a2adeb8021848bf38632795f44f4.jpg,1,0
images245_jpg.rf.3dddd8b648434447f3cffee6819685d3.jpg,1,0
images196_jpg.rf.cfe0841a304907c587dbea7e09ba7034.jpg,1,0
arrows-left-and-right_jpg.rf.91400db11633f7ee378579bf2f8bdabd.jpg,1,1
images220_jpg.rf.1a2abee3eef0e795557fcff02745c759.jpg,1,0
113_jpg.rf.b8319df4ecfce29bacbabcade9830640.jpg,0,1
596_jpg.rf.6375f3030a4faa8f32e542dab984d5e5.jpg,1,0
179_jpg.rf.cb531be39d5fe1be2537a9782760053c.jpg,0,1
picture_jpg.rf.bdaecbb748a6e573c3b28fead04b49a8.jpg,0,1
318_jpg.rf.22769c8baf0046d8a7dcfcd8579e8363.jpg,1,0
images270_jpg.rf.8e02d622fef78736e3dfda550548ce71.jpg,1,0
images238_jpg.rf.255d80ff3c01a6babea7087144b264d8.jpg,1,0
107_jpg.rf.d779d58dfd2ff79e3421f5778bf336ff.jpg,0,1
670_jpg.rf.5f6b35e7aaccf08c947f3a4bb3b7e9cb.jpg,0,1
589_jpg.rf.03f8be5ad004c7fe2754351f2b340a91.jpg,1,0
225_jpg.rf.94c505eb13244f87e0bfe9108b790293.jpg,1,0
images199_jpg.rf.8db641a0d54e09f9f4b019e36e31c14e.jpg,1,0
images27_jpg.rf.7a36c1c88a1d4bbe25d6b34508ae374b.jpg,1,0
500_jpg.rf.88174eaf8040fd5774b61ec9ff8cd220.jpg,1,0
577_jpg.rf.4b39bbb7afa515c1654c89b2a98b73b1.jpg,1,0
images304_jpg.rf.281ae114cbac7a051c1c123ea7ec1116.jpg,1,0
186_jpg.rf.056a56598f7bf1d6086939170f6d5755.jpg,0,1
13-jpeg_jpg.rf.587628a7946ed04cbf4575e3e35a1cf4.jpg,1,0
images276_jpg.rf.2a8ffc1785cbec7e8c814ecb92b95eb2.jpg,1,0
605_jpg.rf.a199ab243caad5e781eae391d4b0c069.jpg,1,0
images205_jpg.rf.9ac30ce61e3aa671052c6ab95ff530d5.jpg,1,0
606_jpg.rf.ae8674323f54715ac92e8c9da0bbab86.jpg,1,0
images204_jpg.rf.61c86184225e1f49fc918487564ee132.jpg,1,0
612_jpg.rf.35bc5fa5773de2e4ce9dc51df4a3598b.jpg,1,0
images232_jpg.rf.57a415eae9b079b0e13c68ab0c0fe1cf.jpg,1,0
594_jpg.rf.0f6acc26e66a2577b430bbffaffa411b.jpg,1,0
158_jpg.rf.329af93945695b04915017254d3ac3aa.jpg,0,1
images298_jpg.rf.eae4a70c565991121a1898baed9f10ce.jpg,1,0
IMG_20210815_130707893_jpg.rf.a318b4c802579ad902ad8f1edff02498.jpg,1,0
311_jpg.rf.ceb8961fce813d385517229173d72e1d.jpg,1,0
download-3-_jpeg.rf.630795ccff882176dc70c1daaa7962f8.jpg,1,1
671_jpg.rf.df301c54be5e3624e6679d25b9506989.jpg,0,1
images233_jpg.rf.607a602919c2070c990d06829ee50d59.jpg,1,0
images240_jpg.rf.29f0b7dd42c67e3de2604307a78b72d8.jpg,1,0
265_jpg.rf.50c07dd2ff6d093779bb9769727c848d.jpg,0,1
257_jpg.rf.6f7921c46f511b312a29cb0ebc38f308.jpg,0,1
262_jpg.rf.79e44f98e06d4ac140aec913bd098517.jpg,0,1
661_jpg.rf.9af25cbd44760bfb243ceb9dd79101fb.jpg,1,0
673_jpg.rf.7df94f745b9b5b386193eee9e96e0d16.jpg,0,1
116_jpg.rf.9a1b448479a5b83f579473819f1c68ea.jpg,0,1
132_jpg.rf.a1dee98c1a61d09022b6ea2fa8157379.jpg,0,1
right12_jpg.rf.189e6bd2016f343f75201ecc12c7e2ba.jpg,0,1
13_jpg.rf.274b5de01ccc29c98ccbad5982ff5d22.jpg,0,1
649_jpg.rf.ee820cf90042834509dbe13eb943a8c3.jpg,1,0
432_jpg.rf.e412a7ccf31f933e69aab5eb344b3aa9.jpg,1,0
135_jpg.rf.4758a5c01c6c18c499ec4c9b6497e7c0.jpg,0,1
138_jpg.rf.89857e20ca14e1d240e30365e78bb412.jpg,0,1
133_jpg.rf.6276e147d756e66242d6115a559392b0.jpg,0,1
136_jpg.rf.9bf482fc82ae5dd91bbfe90caef33689.jpg,0,1
img_5467_jpg.rf.e6178a6196aa7d9fa0d4ad03f9f15070.jpg,0,1
right108_jpg.rf.84d577a2108453735433188d6946577c.jpg,0,1
131_jpg.rf.89361414a611d21f443412a15eb508a8.jpg,0,1
195_jpg.rf.dced9b89e8b626b2f5ce152125d420c9.jpg,0,1
884_jpg.rf.01303e12428f569877e0ebb0406841e4.jpg,1,0
184_jpg.rf.69dfa0342d24feeb3dc362f858668385.jpg,0,1
right119_jpg.rf.fc63126d8c7fb9869369a80581701136.jpg,0,1
117_jpg.rf.1a41b0b0012a8236ab3293afbf677ec0.jpg,0,1
right106_jpg.rf.3e8885732d84ffd411a94e778a96f0f5.jpg,0,1
223_jpg.rf.3cbbc606a185a817adc4b0eed8d0a248.jpg,0,1
192_jpg.rf.972a0565ff58a8a454442950c27fe08c.jpg,0,1
119_jpg.rf.aa1d9bbdcdeac2883f57b35e33476d4f.jpg,0,1
right-arrow-vector-icon-black-arrow-symbol-2A7F1TY_jpg.rf.abea3eb7b45e6aa2071932a9a6363365.jpg,1,0
right10_jpg.rf.4e019f64ff0e81496c0760ecc6bcc6ae.jpg,0,1
right1_jpg.rf.576f767ad3ae30c7f375a9113670ba0a.jpg,0,1
188_jpg.rf.798d6ceccaccc92539b68bf461cee59b.jpg,0,1
right101_jpg.rf.3b48498bc7cff46af66e915e5fb3ffa7.jpg,0,1
168_jpg.rf.9af271767b04d3aa4639ba5a5f0d1e7a.jpg,0,1
right107_jpg.rf.5a21fe2620aad71ea9f662a26feb5c2d.jpg,0,1
137_jpg.rf.d5c899c5ddb53970fc8867b8c19c8d12.jpg,0,1
186_jpg.rf.0ab706d3c47cd3a0d08d79db8e33c343.jpg,0,1
121_jpg.rf.0f79f45ebd4e6a23908102b7bdc841ea.jpg,0,1
179_jpg.rf.f3ea16f097362367c4b75ac898160223.jpg,0,1
658_jpg.rf.267ab2c8d276e995675d5eebc1c40d98.jpg,1,0
176_jpg.rf.ab933028602dcb1478d73154013e4ecb.jpg,0,1
238_jpg.rf.fec8974b9dce8c418db7233d68cd1ff4.jpg,0,1
174_jpg.rf.756eb58d94fefd5c98cd11ecfe9c4222.jpg,0,1
149_jpg.rf.c506260b1cf2c711a083d31b19788e52.jpg,0,1
232_jpg.rf.4a9dc0b18687afc1a009f01b122c5cad.jpg,0,1
right113_jpg.rf.cdd653512c700dc31e3c0a625166d104.jpg,1,1
right0_jpg.rf.f15a00965477dce869809fb22d199935.jpg,0,1
235_jpg.rf.0a3575677351b2f36309f91345e5ce83.jpg,0,1
120_jpg.rf.83a2d214379310a2a5a6eed6a89fb149.jpg,0,1
421_jpg.rf.b7b6aa810c555349ba4a1dd1e3913dc6.jpg,1,0
225_jpg.rf.ab70caaf533c22aa72961162b17dcc73.jpg,0,1
423_jpg.rf.005065483b4e0480149e00c0384f277d.jpg,1,0
150_jpg.rf.ee5730fbbafafe814cdc9f3a3df48a08.jpg,0,1
241_jpg.rf.9b606177ea86dfff05958864e4f299e2.jpg,0,1
14_jpg.rf.3fb25e61f4141e2c2a14363b48148730.jpg,0,1
124_jpg.rf.de2d970c6a64a4c9e9b0573c32dac746.jpg,0,1
180_jpg.rf.5077feb316704d9ad59b9c652c49512c.jpg,0,1
12_jpg.rf.1446f08d7acdc2e23e5b7891ab02e6d8.jpg,0,1
17_jpg.rf.5c6e8a091fd0cbb3f835af039be39739.jpg,0,1
right114_jpg.rf.f98bf48253f963f474bcc06912d0efe5.jpg,0,1
right14_jpg.rf.9a4ad4b7e9d43ef3f19a0cb6e491c5d5.jpg,0,1
227_jpg.rf.074521f0f41426cc2f8a1bcd39c9e39a.jpg,0,1
430_jpg.rf.56dc0f0f67ac0ff3672b74d3e71a227c.jpg,1,0
182_jpg.rf.9018b98af5d44a52a6efb696f2a271c1.jpg,0,1
659_jpg.rf.603cbda39d34e149cda7e86655d3156f.jpg,1,0
123_jpg.rf.49056a1ea3176a9aa480821074a15692.jpg,0,1
127_jpg.rf.34ae59339fb6eb3f6d45395dad338283.jpg,0,1
125_jpg.rf.28a1b983be424dccaf48866471a24f99.jpg,0,1
444_jpg.rf.609b6f1b4b817bd6b28f88911fe3362b.jpg,1,0
340_jpg.rf.311e58339c2df796d770673aeaea47e7.jpg,0,1
right115_jpg.rf.98a45a0ed0be857a55199a3a88c85152.jpg,0,1
129_jpg.rf.b39ea3d885669fe1ac8adda10d8f9572.jpg,0,1
244_jpg.rf.7b6735312e9e7651f58f41c856fd91de.jpg,0,1
128_jpg.rf.b38c008f3b70a04d25dab6d5193b3317.jpg,0,1
247_jpg.rf.8c4a8e70405ba2d8524840bf23f30eb6.jpg,0,1
177_jpg.rf.8acf54a4b1b4a9009a1bf49eeab35807.jpg,0,1
888_jpg.rf.a0d6a275c813267d310e3432e4c743aa.jpg,1,0
249_jpg.rf.f0f41a3e06e87ee8d934a6ed2d930fef.jpg,0,1
152_jpg.rf.c56b4f21c0661e393d75affaf1289cf4.jpg,0,1
154_jpg.rf.686743717e35cacd8c28f335565dab31.jpg,0,1
362_jpg.rf.da8593d7880bfbc5e53db837cf7b63b4.jpg,0,1
right117_jpg.rf.f99ee6713920549607610ce7d8476950.jpg,0,1
364_jpg.rf.51bc23dfc36fdbb50c1000754afefb6f.jpg,0,1
650_jpg.rf.787e1e7addd138008287046975db4572.jpg,1,0
230_jpg.rf.05bc5332fb719a0b34756495bdd8a683.jpg,0,1
172_jpg.rf.e5eb347fdda9ae508b5838711fa88e72.jpg,0,1
380_jpg.rf.5f2d7c92db7a776c8799d4988f4b7640.jpg,0,1
344_jpg.rf.ea75440507c21e70c5f5745c23eefed3.jpg,0,1
346_jpg.rf.90ba06666868fd92eb22ecc126b35544.jpg,0,1
right135_jpg.rf.b33c410e74107c73db872987d93243a9.jpg,0,1
385_jpg.rf.0dc09206889ce90d33474123f79b4ce4.jpg,0,1
396_jpg.rf.456a70175cf8d1f74cd9c81017309e5c.jpg,0,1
653_jpg.rf.9b5d42ff2b7229e8eaaf01ceb1c205b7.jpg,1,0
right116_jpg.rf.edf982902db09565fffe67e520986265.jpg,0,1
363_jpg.rf.817a5156f11b50c1ccdac627a0cba4a3.jpg,0,1
143_jpg.rf.f58cff95e6a7f348cf2f7a24a202303a.jpg,0,1
right110_jpg.rf.eb4cef79798bfdfa141edc6cb44d4fae.jpg,0,1
208_jpg.rf.63634b521bc54c491ca52ee1b8c11240.jpg,0,1
right103_jpg.rf.6180a00e24e653b88cd6af511299a200.jpg,0,1
16_jpg.rf.bdc2c79e4bd2fd5841a2a093e918f0c4.jpg,0,1
369_jpg.rf.abb374c8e34324cd40bd8c44f02eb995.jpg,0,1
360_jpg.rf.cf1e207a842c9990d62b94fa50d49856.jpg,0,1
right84_jpg.rf.fcfe6b718fa724fce42297049f166721.jpg,0,1
815_jpg.rf.be90c39c33b17b5e9992c130c1a74738.jpg,0,1
873_jpg.rf.10370e41dbaaf90061397dd2f08b2a94.jpg,0,1
83_jpg.rf.81361fc036f93f0eef520cac557c9cb2.jpg,0,1
right32_jpg.rf.902ab53e26063539be178bdcacf37daa.jpg,0,1
195_jpg.rf.117bd8de47e264d173606e1207eb6348.jpg,1,0
513_jpg.rf.d287005c3d6c78439a081f2daed439f9.jpg,1,0
881_jpg.rf.4bb35a33d778aac4f485c59c09449267.jpg,0,1
right49_jpg.rf.64c387a6e31b6a7fd17d61ab94899db8.jpg,0,1
193_jpg.rf.6b8e1fed20393eb05d62d56123121af1.jpg,1,0
right85_jpg.rf.f47bcf313e6557a48cadf05b0e3973d6.jpg,0,1
82_jpg.rf.2ce952379f886eac3235311b0d440d96.jpg,0,1
434_jpg.rf.04d410c1d6692d2985b4140a2c8153a2.jpg,0,1
right183_jpg.rf.b5db4a4b18942e3d3b84fb6c166ca4e3.jpg,0,1
893_jpg.rf.642021a7c3ecc6155d69d0a62e2832bf.jpg,1,0
437_jpg.rf.ac55adf2e30bcd49a24c6cea4dd8cb99.jpg,0,1
right182_jpg.rf.fe9bbbe483d4035cc92fb201a21b38e6.jpg,0,1
right41_jpg.rf.47c0e4ba25fe7917ca38646a22673322.jpg,0,1
right89_jpg.rf.236d003879d1de752def96c9c7c0a47f.jpg,0,1
822_jpg.rf.f868d8ac0b95f39886b2c542ec80bd62.jpg,0,1
824_jpg.rf.1c2ff8fcdd56e67a52f0368881d58625.jpg,0,1
89_jpg.rf.e0eddb1995fe386abb689455211bb27b.jpg,0,1
87_jpg.rf.610bff16df56049eeb5ee96fa09bc6ea.jpg,0,1
right4_jpg.rf.037f7dbf598998029f17a8e40811a8a8.jpg,0,1
795_jpg.rf.1d22a4152bbc8bf1bb39134312c3973b.jpg,0,1
825_jpg.rf.b921e6bef4e8c81ec5878ac8d1547738.jpg,0,1
right40_jpg.rf.8abe8694138cfda1ad19096465ea4357.jpg,0,1
839_jpg.rf.bb44c7517ff62a4f1bd03d9071ea35a9.jpg,0,1
right146_jpg.rf.d86f7a7b4d2bfa8353f52b008b917508.jpg,0,1
170_jpg.rf.1885bad953bbe6a2a6307349666835b1.jpg,1,0
images-15-_jpeg.rf.780022ca62711fe2f2f544369079d84a.jpg,0,1
136_jpg.rf.37c520f6bfd349f107918270cf635f56.jpg,1,0
9-jpeg_jpg.rf.35368a66ae5585c04b79b6c32f69a0b6.jpg,1,0
870_jpg.rf.6f17460119c88f6d92eab523d05770d3.jpg,0,1
right88_jpg.rf.d90df89f5309a5cb75e98545aad40df9.jpg,0,1
900_jpg.rf.26fe65ec1719b943ab7d1ff1e524f0b9.jpg,0,1
147_jpg.rf.c5cf9a445aed638d59cc26637feec5e2.jpg,1,0
440_jpg.rf.49e25436643bd9b3c40d6f5f315e724d.jpg,0,1
490_jpg.rf.74f5e149945702bf0c371914974eff24.jpg,1,0
471_jpg.rf.eaf97f118e4df9ba3877966d9a715dad.jpg,1,0
887_jpg.rf.93b3636a4a98345995c1430e042102db.jpg,0,1
888_jpg.rf.bda3f7f9cac29b409d290fb32a62699b.jpg,0,1
214_jpg.rf.0e73303edd057f8ea9eb8c6d4cbf3b7f.jpg,1,0
886_jpg.rf.8c73fe951d111e4aa4e02b85b9b3e4f9.jpg,0,1
right5_jpg.rf.e0c936ff18f3d865bb412a9d4bcf8238.jpg,0,1
876_jpg.rf.2c987cf40e5add9d969babf8999f7a2f.jpg,0,1
images-12-_jpeg.rf.6b656826778ede6ea220d22fc5577e66.jpg,1,1
67_jpg.rf.690797ce5a9a518884e37ae2a5eeb5e8.jpg,1,0
898_jpg.rf.baa3faf1e0822938973c78c51448acc3.jpg,0,1
right31_jpg.rf.ffb8a9d7615597c2555c4dd00533ecb3.jpg,0,1
94_jpg.rf.9f8247ee90bf61cd0ba6dc7c6d68454d.jpg,1,0
820_jpg.rf.89fa44dd58d191cd484ee4b3d2d099db.jpg,0,1
439_jpg.rf.33897f650df9d50f6cc546e4dd192ca6.jpg,0,1
right92_jpg.rf.c5a73c90c13b2d8d9358e6c8962c518d.jpg,0,1
449_jpg.rf.fe7aa422c50b22771bfd07a7d38877ff.jpg,1,0
right51_jpg.rf.6733d20c4493d230e9f1df257bb918e2.jpg,0,1
arrow-pointing-right-words-saying-260nw-1589849962_jpg.rf.0f7e3e2d84f88b3aa4e8815b58a38730.jpg,0,1
right147_jpg.rf.46b10bbc4184192aa3c577a50ace29bc.jpg,0,1
869_jpg.rf.69c95644cf3811b876a8ad9b6112c6fe.jpg,0,1
78_jpg.rf.f764827c0cd200abda4855c0fc3f4f49.jpg,1,0
right46_jpg.rf.7c38da36e43cfa464aabab5c68049bd5.jpg,0,1
515_jpg.rf.1a404acd9f9a4551734ca7ea0e9f96b3.jpg,1,0
90_jpg.rf.349bc2ba14dadc55a7b574581bf74649.jpg,1,0
817_jpg.rf.aa06e1dfed4e3ee881cfba26ce2eb5c7.jpg,0,1
883_jpg.rf.2b42c5936937dcb52a50e67e76146a61.jpg,0,1
441_jpg.rf.205e9b54f83440b1d40f600a107703e1.jpg,0,1
right91_jpg.rf.0f0d62ed76aeb2fba4b57195b743f1c3.jpg,0,1
485_jpg.rf.b87c3c451267f175f7330b9b470d003a.jpg,1,0
479_jpg.rf.1cdfd249387c024fe8a8e3d9ae03693e.jpg,1,0
819_jpg.rf.1cc48a43a407b887a92e7bfa4b6474f9.jpg,0,1
right9_jpg.rf.29de90892434d585f473c1a2e9be8737.jpg,0,1
196_jpg.rf.a205a2a55a3a41ff73bb1736c02fb63a.jpg,1,0
9_jpg.rf.866d432addc0020b8d21f8e960d6a444.jpg,0,1
7-jpeg_jpg.rf.1f5480e56d18c0d73f4feb0edec77179.jpg,0,1
828_jpg.rf.625312d9bb03f444651bb49e17031d07.jpg,0,1
right48_jpg.rf.9e3119866fe22f46db80f4a9fb800d94.jpg,0,1
858_jpg.rf.33287e18beeba9a4587c6c4005b29ef3.jpg,0,1
228_jpg.rf.2f22d8004686858e2382965ede2188a4.jpg,1,0
right34_jpg.rf.ad0997096504baaa3fca80f336f1a8a1.jpg,0,1
right47_jpg.rf.e195d9cf5d72209e0b4aff7129bceaab.jpg,0,1
right44_jpg.rf.b18e12f1eb252766a6ff9f1f2734fa02.jpg,0,1
851_jpg.rf.7348d974f21cbfc7388ca8c701e5bf61.jpg,0,1
878_jpg.rf.f443243423bd61e34a00d686a2893137.jpg,0,1
893_jpg.rf.54b4f8ac937f8e06931f17b325f3f7fe.jpg,0,1
487_jpg.rf.db7cf089c76f5fb95e0d9560189b298a.jpg,1,0
96_jpg.rf.76dc07e0050897ec6f5ad11438246659.jpg,0,1
235_jpg.rf.251e95b8630e4daef791cd7a99777798.jpg,1,0
images-1-_jpeg.rf.97b9662695a51ea8df40c1bd332b5bfb.jpg,0,1
895_jpg.rf.2581170d3a34581ff8aa0047108e4489.jpg,0,1
right81_jpg.rf.c05f5c5c2f391012ca84b80b0f89f296.jpg,0,1
93_jpg.rf.322d8ec72e5a2e4289d0d2fca0b2250e.jpg,0,1
532_jpg.rf.a640ce01fea210a895463f0a3adc666d.jpg,1,0
88_jpg.rf.16d0fe8bc053e4eef091df11a6323ba0.jpg,0,1
713_jpg.rf.d45f6a3f8a7430e4d60064dded3ded58.jpg,0,1
200_jpg.rf.0d1e7f2a76b2e98c3c820cd1d1e547fd.jpg,1,0
849_jpg.rf.a38f4e3a9ad537b63e5dff8c069474fe.jpg,0,1
528_jpg.rf.2f54036bfa538b29284e2866901dbeae.jpg,1,0
right54_jpg.rf.5bb9df863824e57030651ef0f4904f80.jpg,0,1
854_jpg.rf.a551e1b149ee200da3dd39b3ffa1eca1.jpg,0,1
right82_jpg.rf.e5a67c4408e8addd14f2796a7e7e9c72.jpg,0,1
480_jpg.rf.31f24cb1d38d1a8a61244407e96036fa.jpg,1,0
84_jpg.rf.8b27c8ab36e3e049c95eb9fc018e2168.jpg,0,1
right56_jpg.rf.760f5ba8989b3603069ce0dcce6fc9d6.jpg,0,1
WhatsApp-Image-2022-11-03-at-10-43-25-PM_jpeg.rf.00c3dd073333d29d604e7289b634a20f.jpg,1,0
916_jpg.rf.5717135149f93314b19efeacbe1cd552.jpg,0,1
right52_jpg.rf.d3fb815cb615ec46331bd390bb0db31e.jpg,0,1
right59_jpg.rf.877a1414fcb073000b78bbb638331cdf.jpg,0,1
right43_jpg.rf.a035e9271f906e29ad602fb3ef193183.jpg,0,1
right39_jpg.rf.04ad7c50e29e726503c3a4db5b924c07.jpg,0,1
902_jpg.rf.0d70250da42133d3fbb21d829d22d600.jpg,0,1
right75_jpg.rf.f47638d3aecc8541177b943ed0789b95.jpg,0,1
right57_jpg.rf.34a3c30b666edf2fd4ea2ff362524f91.jpg,0,1
906_jpg.rf.3425417c9168790aad9e04a102457b9c.jpg,1,0
866_jpg.rf.6b61bb8fbb7deeae1b3d4d47f0d53037.jpg,0,1
right87_jpg.rf.9398f38ea25ad547dd3085ee163e3b1e.jpg,0,1
85_jpg.rf.54a54b4bf584dd665bd4f5cc24a21b62.jpg,0,1
WhatsApp-Image-2022-11-03-at-10-42-54-PM-1-_jpeg.rf.b4bb8a1cd6d7184265d6e091ef5d456f.jpg,1,0
arrow-6-inch-300x300_jpg_webp.rf.8a005454ac2bed513ad24bc7206906bc.jpg,0,1
right70_jpg.rf.580b0e63c7e998bc5150feb799f9fc4c.jpg,0,1
860_jpg.rf.e01422b2f103489b09ccf5d2bf04af63.jpg,0,1
494_jpg.rf.269aa2e0fc7bbc62d5e8955b0363fcbf.jpg,1,0
download-11-_jpeg.rf.7775c51494d3a287825cfc7eddde9f34.jpg,0,1
WhatsApp-Image-2022-11-03-at-10-42-59-PM-1-_jpeg.rf.d9312f995d61bd5f4dfbb8f03926c59a.jpg,1,0
847_jpg.rf.91814be0734909659677f668bce17bc8.jpg,0,1
right55_jpg.rf.4dc75ba488ff283fc4e9f401ceab5d86.jpg,0,1
WhatsApp-Image-2022-11-03-at-10-42-59-PM_jpeg.rf.e55a8db00a5b91addde0cde27cfe5641.jpg,1,0
905_jpg.rf.78142380e0179e08ad641f324eab1ef4.jpg,0,1
155_jpg.rf.0783e1c89b678637ba882f38343f21de.jpg,1,0
192_jpg.rf.afa970418b9a283e4addae338fadbf06.jpg,1,0
right45_jpg.rf.18fe0437f00061c21e6123d1cb818af2.jpg,0,1
149_jpg.rf.4fdad97104f76d080b5a52e442f91064.jpg,1,0
3_jpg.rf.eb480ee635439e80f49d8e7df5de6163.jpg,1,0
right58_jpg.rf.06f6262c4fc3e0202edf9e3bef87d4ff.jpg,0,1
download-22-_jpeg.rf.98216b5a57ceca80647a17668ea17df2.jpg,1,1
510_jpg.rf.a585d3ae13d144e3005319d111151451.jpg,1,0
right79_jpg.rf.bc250aa9ba9e4ea94671add38308c87d.jpg,0,1
right78_jpg.rf.07ac6d902837c25ddfe55dc4233912ce.jpg,0,1
right72_jpg.rf.37d843a5cd0ad28a32b8a1965d214411.jpg,0,1
534_jpg.rf.ef515afd2eba399a1ce08beea5104f91.jpg,1,0
178_jpg.rf.ed5126b490cce5005aa502e7409d7c18.jpg,1,0
504_jpg.rf.0602ba37489c64cd75c980e26f341184.jpg,1,0
913_jpg.rf.483e6fec7f8fba4284d7a1c1d14bdaae.jpg,0,1
907_jpg.rf.2ebc4f3dbd885b6e3873032cf597f876.jpg,0,1
135_jpg.rf.4b5674490fc66a41be6b6e3b4d04a4d3.jpg,1,0
WhatsApp-Image-2022-11-03-at-10-42-58-PM_jpeg.rf.c7c8004c9a884aba047417259d5c16d5.jpg,1,0
206_jpg.rf.394acdff74289a83162ee674e2032a83.jpg,1,0
right71_jpg.rf.dfc9a39b7ef200a00f8942b3db286373.jpg,0,1
turn-left-arrow-sign-line-icon-vector-14488228_jpg.rf.5d8cb3ef1d49eba37536369bb4282275.jpg,1,0
right74_jpg.rf.f5a5beb2a4397bc202cec952677a0ed1.jpg,0,1
right53_jpg.rf.80655a0754a537897bbeea35ba7e6fd8.jpg,0,1
WhatsApp-Image-2022-11-03-at-10-43-00-PM_jpeg.rf.87a4d2f767e1bf70761528cc9ffacc9b.jpg,1,0
right68_jpg.rf.ba50032291a69da2ccf41f9f09d80625.jpg,0,1
143_jpg.rf.1aa394bf7a28c472fc4fe954aa0bfa50.jpg,1,0
173_jpg.rf.f14b6bf5a1d277b725f4a13b927cda50.jpg,1,0
862_jpg.rf.d7fa839ff725e3df0c323049fdea4940.jpg,0,1
download_jpeg.rf.3b68bd1e92eb921ec1dada01d61a2509.jpg,0,1
right76_jpg.rf.976be35e58737d479e5ca1281f58f306.jpg,0,1
right80_jpg.rf.8662415093ee4b8c3ce1f786c674fac6.jpg,0,1
909_jpg.rf.2877d923f292a03c6a9467768f762a2a.jpg,0,1
arrow-sign-pointing-to-the-right-posted-on-an-old-wood-fence-W2KGDW_jpg.rf.e01c000f18fcaf8e88f9192ade163ea0.jpg,0,1
right8_jpg.rf.c3a35fb094634d7a656811d4d856815c.jpg,0,1
right62_jpg.rf.abdba40846ae6796c464ca3e4813b5e7.jpg,0,1
right61_jpg.rf.4aea357a42a2c9c315554ee0581f3f05.jpg,0,1
91_jpg.rf.24b310db2695ff5bb40cfa367073c1c9.jpg,0,1
right6_jpg.rf.d1c6e0f61d66e67b9e360d34f5db5e27.jpg,0,1
909_jpg.rf.76af6b7f86976b0ef35b8e5c4fbda5b0.jpg,1,0
212_jpg.rf.9f7b25fe57a37880a63a37480a9c8077.jpg,1,0
530_jpg.rf.d097ba64c9dcca6aed1dab1ea4b9d65b.jpg,1,0
right60_jpg.rf.447e103f593a9ea1d240476933b4d7b2.jpg,0,1
right73_jpg.rf.c45e35964be4c6fc4473c21b8c616bb8.jpg,0,1
911_jpg.rf.e0f37e95b56fa3f31647deb6c0a72caa.jpg,0,1
525_jpg.rf.b1d5213ef88c575493b57d937f7c47b6.jpg,1,0
WhatsApp-Image-2022-11-03-at-10-42-49-PM_jpeg.rf.12ea8b9027bfb5b104002d483763498b.jpg,1,0
download-6-_jpeg.rf.e81d3b6a3ac1915bb725138eb9513f75.jpg,1,0
right69_jpg.rf.2e7ddda944af08bc6d88aa0393bc80c6.jpg,0,1
101_jpg.rf.bda5f6299fe58d0e948cd960c88bbde5.jpg,1,0
right97_jpg.rf.b849cb483aef9b8b20cabf4dd98990f6.jpg,0,1
502_jpg.rf.42cef5e1a697316e4fc9e1bd9cfcd9ed.jpg,1,0
WhatsApp-Image-2022-11-03-at-10-42-54-PM_jpeg.rf.bb8618296eb0505dcc177699c214fa19.jpg,1,0
230_jpg.rf.370117d278492b937991c667abdb87b7.jpg,1,0
right98_jpg.rf.ee74583462de8e8cffe225111f599e92.jpg,0,1
520_jpg.rf.59a82a3507278be964796f755c60a73d.jpg,1,0
113_jpg.rf.2a059e843397715e130d60909d7ed43e.jpg,1,0
WhatsApp-Image-2022-11-03-at-10-42-56-PM-1-_jpeg.rf.000d051ba773458f167ca66a51247236.jpg,1,0
WhatsApp-Image-2022-11-03-at-10-42-47-PM_jpeg.rf.e4d1e3af95613abdc05ba5f0cc088056.jpg,1,0
right63_jpg.rf.3aa22f339f8004863f3b86c2ba186e5c.jpg,0,1
500_jpg.rf.f7764550ce8f9bb9b27e03a7bf1d8a15.jpg,1,0
22_jpg.rf.ecf93f929608ad57e9a997e0ce16b50b.jpg,1,0
62_jpg.rf.b9033c2578a27d6c69c7b515d41576b8.jpg,1,0
right66_jpg.rf.c9fabb9e4bbaa009d758e6e3b2a9c7e4.jpg,0,1
turn-left-arrow-icon-black-isolated-on-white-vector-29003679_jpg.rf.1f82b45cc48f88d69953a41f4536bd58.jpg,1,0
WhatsApp-Image-2022-11-03-at-10-42-56-PM_jpeg.rf.e52ac1b5dfdb827c9b5dd7fc7cf24058.jpg,1,0
WhatsApp-Image-2022-11-03-at-10-44-02-PM_jpeg.rf.6d6ba23e520be43d1ffdbefe6c404c5e.jpg,1,0
images-24-_jpeg.rf.d709f6e51d514b87e33287122048574c.jpg,0,1
right7_jpg.rf.24df9bdc5685a90b0c19974e8dd0219e.jpg,0,1
WhatsApp-Image-2022-11-03-at-10-42-55-PM_jpeg.rf.6b93bc1a5a41907e1bebf1a61f2762db.jpg,1,0
WhatsApp-Image-2022-11-03-at-10-44-02-PM-1-_jpeg.rf.0a8d3c723fcba4d70bde2e6e6ae80958.jpg,1,0
WhatsApp-Image-2022-11-03-at-10-42-48-PM_jpeg.rf.68d8261f9ce46fea7c40413cc3504c19.jpg,1,0
WhatsApp-Image-2022-11-03-at-10-43-25-PM-1-_jpeg.rf.5e38e3d7dc17fb74c60c596f61dead67.jpg,1,0
569_jpg.rf.ab8fce4ec31a6627a20ccc3b024443d0.jpg,1,0
3-jpeg_jpg.rf.3d17b872bbdf5fcfc37fa9dd9e88e32a.jpg,0,1
118518333-sign-direction-of-traffic-on-the-road-image_jpg.rf.2b31444e2f5c84584c0fa5695fe02241.jpg,0,1
WhatsApp-Image-2022-11-03-at-10-43-27-PM-1-_jpeg.rf.7b05ae43454efa45714c082dbd43c79c.jpg,1,0
499_jpg.rf.008934fc518b7909ca7f912940bd6bb4.jpg,1,0
download-3-_png.rf.d8ba100d0ec2dc0b1dec768ffa3e57ac.jpg,0,1
right99_jpg.rf.bbd8a93dff9390da3e6dc7dd8d757085.jpg,0,1
right67_jpg.rf.81867e1766d52815118136425b473935.jpg,0,1
498_jpg.rf.b573ce1d209d17bb7f8c26cee28d0bb7.jpg,1,0
186_jpg.rf.134b93dd3a087f5cdf04bbd5544c6e39.jpg,1,0
WhatsApp-Image-2022-11-03-at-10-44-01-PM-1-_jpeg.rf.d98ce5ad89223b9c9a88d87a1c618516.jpg,1,0
WhatsApp-Image-2022-11-03-at-10-42-57-PM-1-_jpeg.rf.383dcdb55d67cf488d9d6fce7dba3413.jpg,1,0
WhatsApp-Image-2022-11-03-at-10-42-53-PM_jpeg.rf.99e8c8874954491ebf8541c5e58f2331.jpg,1,0
right64_jpg.rf.43726ca9d93f4acc50dc57dcbd424942.jpg,0,1
238_jpg.rf.0e01e34cec7122c11a7baf31e9bc1927.jpg,1,0
183_jpg.rf.c6ee035a7ea1f12b5cbbe724d578ae9c.jpg,1,0
204_jpg.rf.a83054a8ade517a639dfcfa7cc6468ef.jpg,1,0
WhatsApp-Image-2022-11-03-at-10-44-03-PM-2-_jpeg.rf.bf5487fc1098541b06b18e3d42afc51b.jpg,1,0
WhatsApp-Image-2022-11-03-at-10-44-01-PM_jpeg.rf.3a9f45a2bf7ca100f9cac8cd32028f8a.jpg,1,0
WhatsApp-Image-2022-11-03-at-10-42-51-PM_jpeg.rf.cf6f0b6e5cd03f9bd7750f1c4efd2940.jpg,1,0
WhatsApp-Image-2022-11-03-at-10-43-30-PM_jpeg.rf.f00f2b88abbff56cec0d270a4fa2713c.jpg,1,0
WhatsApp-Image-2022-11-03-at-10-42-50-PM_jpeg.rf.810a3c43931e27cdc0aae99b321406ff.jpg,1,0
243_jpg.rf.405be89a80098b56b13c0ec33cfad155.jpg,1,0
110_jpg.rf.df09d1ceba39edd79735bc72fa0d444a.jpg,1,0
artworks-pzXmr67Fhl0iflmS-Kfr09A-t500x500_jpg.rf.1f1931e9d15319ede0d252c9a0f085ff.jpg,0,1
227_jpg.rf.1f6c3b6671f2138549f72945eb4059c4.jpg,1,0
WhatsApp-Image-2022-11-03-at-10-43-00-PM-1-_jpeg.rf.63159d30ee65c450abcc3bf8810158fb.jpg,1,0
730_jpg.rf.84b6fe0db268ea841c82785b42ea2cc8.jpg,0,1
images-25-_jpeg.rf.e4c3c9e4025b07287d2a8f3bf1ba24cb.jpg,1,1
right65_jpg.rf.e0298cc35747029201dc39595e982a85.jpg,0,1
WhatsApp-Image-2022-11-03-at-10-42-52-PM_jpeg.rf.a8487cfc06cd485f19ceeb2001c64433.jpg,1,0
WhatsApp-Image-2022-11-03-at-10-44-03-PM-1-_jpeg.rf.c4f6f127dac66a3fbd516a1b0a2dbc86.jpg,1,0
WhatsApp-Image-2022-11-03-at-10-43-26-PM_jpeg.rf.ccc21b2c1d007b67ac28a2ae64be9781.jpg,1,0
WhatsApp-Image-2022-11-03-at-10-44-00-PM_jpeg.rf.ae210826f1b877475e527e90aad621e2.jpg,1,0
916_jpg.rf.843e0877f0605bfe7d67569474bbb24e.jpg,1,0
WhatsApp-Image-2022-11-03-at-10-43-32-PM_jpeg.rf.e2a7f10aea57191eb68b5c4d5a67d79a.jpg,1,0
WhatsApp-Image-2022-11-03-at-10-43-37-PM-1-_jpeg.rf.885bfca69943962896bafe3ec19f4e9b.jpg,1,0
237_jpg.rf.bc19f53c1628e328e30ab505209d3ce4.jpg,1,0
WhatsApp-Image-2022-11-03-at-10-42-57-PM_jpeg.rf.59d073fa3006d9894ef896520a1f0b38.jpg,1,0
WhatsApp-Image-2022-11-03-at-10-42-53-PM-1-_jpeg.rf.f524fc660ce420173c6619c32f014d2f.jpg,1,0
WhatsApp-Image-2022-11-03-at-10-44-04-PM_jpeg.rf.752e99bbdf6993599c23bf6665c3b214.jpg,1,0
right188_jpg.rf.61f1971488d1144b349028babc991461.jpg,0,1
download-1-_png.rf.5e515828b439e7542e1191218291b83a.jpg,0,1
WhatsApp-Image-2022-11-03-at-10-43-37-PM_jpeg.rf.e945f609bba8072f1fc443e0836d1f54.jpg,1,0
114_jpg.rf.11ddda9bbb152a79aefd590ccef98927.jpg,1,0
WhatsApp-Image-2022-11-03-at-10-44-00-PM-1-_jpeg.rf.ae8a48ae32f00f5cb6557511c31734dd.jpg,1,0
WhatsApp-Image-2022-11-03-at-10-42-58-PM-1-_jpeg.rf.f91833aa86bc968740b99fdcc74895d1.jpg,1,0
right96_jpg.rf.5851eb27632553a7b82bf08e204a4a8d.jpg,0,1
265_jpg.rf.006f87931a1f496584f426391f549e5d.jpg,1,0
559_jpg.rf.2d3c46d5d946a5cd331800ab8af03cbe.jpg,1,0
571_jpg.rf.108030f5cb7e4ea784a0b38d692fd94f.jpg,1,0
167_jpg.rf.a33c44ec23927c35cc39da77d7220a0c.jpg,0,1
351_jpg.rf.f55f442100dbc56f791512d4c96c7440.jpg,0,1
296_jpg.rf.f4a15b2ab2bfbfc1c715d677cd7d7272.jpg,0,1
right159_jpg.rf.07ef08d05743e19279cd9a6fc0f8a9ea.jpg,0,1
right100_jpg.rf.7302c26b921bb28f2c7b83cd70f62ede.jpg,0,1
268_jpg.rf.7ca7b90d2b8b144c0900fc6e9ae56315.jpg,0,1
282_jpg.rf.87acce42ddf86c84634c5aa08eca3d81.jpg,0,1
right11_jpg.rf.07efee5dd4d897e467643fd3af242067.jpg,0,1
right109_jpg.rf.dce7d792ebc2c1dab94bb2aeacce26e8.jpg,0,1
right151_jpg.rf.547f47fb6530d397aff49037e6356e6c.jpg,0,1
357_jpg.rf.f1ee1962f600bb40aaf45fba4f740fe3.jpg,0,1
201_jpg.rf.ab72335dd0055bade7a424181bdbb94c.jpg,0,1
355_jpg.rf.10873c4388a499e11301419532778d5b.jpg,0,1
right133_jpg.rf.a30e053287ec8c626c8b9185a9f2fe8f.jpg,0,1
right102_jpg.rf.0d5e9420918a87b1374c561ac5ca3eff.jpg,0,1
221_jpg.rf.8ca4f0b42080cd121d9a040a2f980c7c.jpg,0,1
366_jpg.rf.725f601864695c8a6aed7699a2c4f94b.jpg,0,1
right112_jpg.rf.38d64910f7d46e294bcf047322fe039b.jpg,0,1
210_jpg.rf.4b6d9608ffb1b557403c20c5cc63f151.jpg,0,1
right138_jpg.rf.6a231a0621fcc1976abae185aba7196a.jpg,0,1
382_jpg.rf.49c5c30cae348e2f66dcd636019eebba.jpg,0,1
206_jpg.rf.fd24ab79099fc3b6468c9c161749b6c0.jpg,0,1
blue-road-sign-with-arrow-weathered-ancient-wall_106885-898_jpg.rf.80f195985aee2a51782c5b6cfb1b0a0c.jpg,0,1
10-jpeg_jpg.rf.d75218fd8ff6ff9e9289d3654525e9fc.jpg,1,0
409_jpg.rf.31008cac89979bfb2ea057d7de217782.jpg,0,1
217_jpg.rf.cd39d03f2f0cb704123451cf8f8ed5d1.jpg,0,1
right104_jpg.rf.4c41cc0b84127f1c058639cfacf981da.jpg,0,1
204_jpg.rf.55893afbf6b5326026534d46c603df5f.jpg,0,1
right134_jpg.rf.aeb0073906271cca4f3bc63f1b5d9664.jpg,0,1
141_jpg.rf.e2db1b63f9f73b6d383050aed295fe0e.jpg,0,1
274_jpg.rf.bc5cd32dab3f0529bc124295ceb17421.jpg,0,1
291_jpg.rf.0bb448f501e010976704f89c53e4ca1f.jpg,0,1
287_jpg.rf.39577cada70cb378f8571cd0dbf381cc.jpg,0,1
right152_jpg.rf.eb51825a2dace947eb07e49f544338e8.jpg,0,1
669_jpg.rf.21eb6e5ff1a750b6b489a2a446097a50.jpg,1,0
284_jpg.rf.7beb181feba22fb75732e5a1e5cd6771.jpg,0,1
right139_jpg.rf.8714c411a0ea642a53d5d5310f9a6b07.jpg,0,1
663_jpg.rf.8b8beeb83b74d961f08c9478a278c1f4.jpg,1,0
right154_jpg.rf.0b2446ee4a940b7f7040c65a4486fcb6.jpg,0,1
276_jpg.rf.7f6203be88f4691906830cc6dad730b5.jpg,0,1
right160_jpg.rf.c1d9f07b53de2858909dd86b0707da05.jpg,0,1
279_jpg.rf.e0949a1d407765ab6227ea63b1d16ba3.jpg,0,1
405_jpg.rf.c1cffff4aff085b1510813a4cbe38455.jpg,0,1
165_jpg.rf.619b7ff30d919789efed5eca679e9409.jpg,1,0
right142_jpg.rf.eafdafcc66c31df2a2bc0817b47e1378.jpg,0,1
272_jpg.rf.6c2a3e780b453a8cf6e65fa32c76841c.jpg,0,1
right158_jpg.rf.fcd1bf4ba568aad3a9e16716635318dd.jpg,0,1
download-4-_png.rf.cfbfaa6b0e9009a7453ae87ac0f02676.jpg,1,0
right120_jpg.rf.45a19617a07ec9ecd0a322f4f4f01196.jpg,0,1
353_jpg.rf.174b897de9fb46b493ee6b2b3986731f.jpg,0,1
right16_jpg.rf.5d42a54ecaf728752fee0f824f388bbd.jpg,0,1
right155_jpg.rf.46cf6dbfffb010399482ce4c5e94609b.jpg,0,1
322_jpg.rf.af623d5d61dffa0bfad6b5bf0ea2cde3.jpg,0,1
198_jpg.rf.be2ff773a483c274e1bbef35d36cce82.jpg,0,1
712_jpg.rf.e07869364b12f6ff945f14f853593684.jpg,0,1
right18_jpg.rf.703239bda080c4a795675d9cea05057a.jpg,1,1
402_jpg.rf.35db538681424dcf4c83b7413e36728d.jpg,0,1
right153_jpg.rf.85f1681fb6eb340f3e4709e8bc3745e6.jpg,0,1
right121_jpg.rf.9aabe9ece007d3dbd9fd89816f81c3e0.jpg,0,1
301_jpg.rf.87db0c90abfd45b1911c8295a14da892.jpg,0,1
310_jpg.rf.a3edacbc5262c5f61336b6d251c704f6.jpg,0,1
307_jpg.rf.bcbb5cf7dd65508848c318c2030b0f36.jpg,0,1
407_jpg.rf.6bd8398f1add5cf6837aeb44ac1efebb.jpg,0,1
right157_jpg.rf.97954ddefca643a392cc14b86c927843.jpg,0,1
right125_jpg.rf.0c6ba5f2c7f8d05e583cbf5c4917b56f.jpg,0,1
images-9-_jpeg.rf.0461afec930651352aea0ed29c62f0ca.jpg,0,1
right124_jpg.rf.9824ca6111400a0a9758ccc40bcda8da.jpg,0,1
right123_jpg.rf.7f8227ee33e5c580552833e51f027d13.jpg,0,1
303_jpg.rf.c8ae2beba27311b45fd11922dbab708f.jpg,0,1
446_jpg.rf.39bff9394de0908b6eae8f5607282e5c.jpg,1,0
309_jpg.rf.c244241e04dc2dcbb8060ea5252c925b.jpg,0,1
325_jpg.rf.a55fa8bbb0fd4465562bfe5143e754bd.jpg,0,1
right141_jpg.rf.10da7748a8fddd6d9e44f7f52112ad7d.jpg,0,1
right132_jpg.rf.57a11f784a39df5361a26d9372c061a1.jpg,0,1
right111_jpg.rf.49e65a45ff969e767fc41eb0c19bcf89.jpg,0,1
163_jpg.rf.f99fc1259c2b16c35213e202a96c25cc.jpg,0,1
162_jpg.rf.d79deee11e9500e6fef5a0a42fa444d1.jpg,0,1
right140_jpg.rf.689e48d97ee942c8f542fc3844e000ec.jpg,0,1
665_jpg.rf.cc6e86c4bfff2266a5715f68cf50c632.jpg,1,0
327_jpg.rf.68b3dc0a211de13af839d510a2fec050.jpg,0,1
right131_jpg.rf.271feb97c02785193f5343ab58783fa4.jpg,0,1
18_jpg.rf.950915fcdaa5643d434095c1bebd4ad9.jpg,1,0
images-4-_jpeg.rf.672f539bb43a8cf370cd501ba0c58fcc.jpg,1,1
668_jpg.rf.138ffea745c09ab320ae04bf04e213a0.jpg,1,0
454_jpg.rf.2af1300f5c0e238f321ce7da20b8ff97.jpg,1,0
images-16-_jpeg.rf.0cf18897fe7f59648be5de9bcf4e0f76.jpg,0,1
146_jpg.rf.f5ead647009b868ea9fff44bd60fe6ff.jpg,0,1
887_jpg.rf.53077ceb59e3ba51c6cb841d00471404.jpg,1,0
50_jpg.rf.d48edc57dc614c49c94e53a7e3cec65b.jpg,1,0
672_jpg.rf.1052185bdde7c6462dc18c2caf443e36.jpg,1,0
right179_jpg.rf.6407deca21b9eb76e541cc1cf8008a70.jpg,0,1
8-jpeg_jpg.rf.5a890df2ae1b28c78996e7ac6e174929.jpg,0,1
right13_jpg.rf.8ba7cab1ca7d55f8e6917a38dfbae41c.jpg,0,1
right20_jpg.rf.18e71a144c2fd17bd4c5f71e11cd9aca.jpg,0,1
333_jpg.rf.2c8eab53478234a8e58f565fc28edf02.jpg,0,1
171_jpg.rf.80d5dadca9c8e869a4933343a0439f37.jpg,1,0
455_jpg.rf.b434984822ad9edfa4e5d7baa6137aa8.jpg,1,0
right122_jpg.rf.64e29bd41d63ddd2fae8913ab447735b.jpg,0,1
174_jpg.rf.6a9bc0f87a18f7b880e81c2bbc347212.jpg,1,0
337_jpg.rf.a906c8c5992ee76078eb9bfd917ce045.jpg,0,1
right2_jpg.rf.9a59f13193c4501c82dd0394146eb0c4.jpg,0,1
right176_jpg.rf.f568126bec6af466144b50ea3fc7594e.jpg,0,1
right127_jpg.rf.5030e5e5edd8119a88d228baef514721.jpg,0,1
right171_jpg.rf.1c61d477788995a89de7f996c57b6c53.jpg,0,1
329_jpg.rf.ecab186ee1b301a456877ce0f7834240.jpg,0,1
666_jpg.rf.8510f7ce716436d6c392341fe332521a.jpg,1,0
right156_jpg.rf.21585acfa53351975a52cb68aabf19e7.jpg,0,1
339_jpg.rf.17a1d9cfd86fe7eabfe3597780453998.jpg,0,1
download-2-_jpeg.rf.2ccac33400cc2d5cfbb9a58400c0e37d.jpg,0,1
331_jpg.rf.ddf8050e804fc3a10d59b1a071f79bf8.jpg,0,1
148_jpg.rf.02588e2cca97ec1683a11c7e6edfabeb.jpg,1,0
179_jpg.rf.dc36e4322098652745e7d232da6bbb50.jpg,1,0
160_jpg.rf.372c80396359d1e1b31a036bcf5f9783.jpg,1,0
right128_jpg.rf.3b1b27b980ec25e73c977e8bb7d5ca94.jpg,0,1
316_jpg.rf.82fc65894db69471957852bfe7808af5.jpg,0,1
right168_jpg.rf.c26613be0edaf2b9d1168ab648483c2c.jpg,0,1
255_jpg.rf.93175ae9821eefced0cea86067300cd4.jpg,0,1
right177_jpg.rf.209ed5bccf661188abf1b2bb79ff3098.jpg,0,1
42_jpg.rf.cb035e05f2c5ba2e73903bdd6e647ec0.jpg,1,0
right165_jpg.rf.584179707d0705ebdcc0b0e38e363d96.jpg,0,1
right29_jpg.rf.2c7d8e9afb5d126d5d5eb08f6d132af8.jpg,0,1
796_jpg.rf.8248b105463fd5d8951569624b398319.jpg,0,1
right24_jpg.rf.e8927d6dc5d7022b7fc4b4737cbbef05.jpg,0,1
799_jpg.rf.b9890072d5ac5da4f671258fe423d9d9.jpg,0,1
184_jpg.rf.0a13eb874a6d4da4fe0d043c8a3f1505.jpg,1,0
right130_jpg.rf.faf45d725c4c31c9fd03d834704a140b.jpg,0,1
49_jpg.rf.2d777dde23db1e10389be0b3342e9af2.jpg,1,0
797_jpg.rf.986cf859bdea685b93e3fe22032089ff.jpg,0,1
312_jpg.rf.3edfcaead8898fe5886f153905d383dd.jpg,0,1
798_jpg.rf.5d1c27f54a3646081d0feff88012af15.jpg,0,1
314_jpg.rf.1c8dbfe620e36f4476df69125f5c7f3b.jpg,0,1
right129_jpg.rf.a326b0b68d6de11cced0bfbe58652f05.jpg,0,1
right167_jpg.rf.7996bf67e6921082795535e34c2204fa.jpg,0,1
320_jpg.rf.55c90b5b1d296611a17385697988a19d.jpg,0,1
370_jpg.rf.2dda4a287842282e7326d66b514342f5.jpg,0,1
right178_jpg.rf.2afde997f1bd78b976dac14ef9aef1ec.jpg,0,1
462_jpg.rf.d909c907ec23e084e9bb77eca0e212a4.jpg,1,0
98_jpg.rf.5e4a9b5ffad55006681c21706ba1f3f7.jpg,1,0
374_jpg.rf.a6900c4e2e0ac424f91b7795442ee827.jpg,0,1
482_jpg.rf.44219c7b1d78a245378cae42d1b5f538.jpg,1,0
right28_jpg.rf.928c4122cf241b6973a54b81011fde35.jpg,0,1
right150_jpg.rf.18380002cdf5ba8d4d02332d547dfbca.jpg,0,1
right172_jpg.rf.027f24ef4d14b3d0024cc642f62eb1ac.jpg,0,1
right118_jpg.rf.49d65dc71b0187615fd92ac7e6e935c2.jpg,0,1
379_jpg.rf.427a4f95d0437c8784cf0c2ffe4da00d.jpg,0,1
right17_jpg.rf.f7f48f747b78c2467c093035cb832b15.jpg,0,1
801_jpg.rf.9c517a912f20a27bec816b0bcb91a3b3.jpg,0,1
images_jpeg.rf.aef19fcd95647111a628240dff65566d.jpg,1,1
right136_jpg.rf.7171370a6b39f33a72d7e9e45be3bd86.jpg,0,1
right30_jpg.rf.488750323f0e9e9b5f2d1662b5bcca96.jpg,0,1
442_jpg.rf.4b37bf35a7a529b3c743ca125d002719.jpg,1,0
377_jpg.rf.1042f90c99404f9deb4e66bbe424cb42.jpg,0,1
right166_jpg.rf.6ab0915bf7363e3c5fab173178d9890e.jpg,0,1
80_jpg.rf.4b0266b791e2aab720e61bb62226f981.jpg,0,1
7_jpg.rf.1d3db37e9bf295c4ba2d30bee7f002bc.jpg,1,0
right163_jpg.rf.425584929609265fe40fc84e11774439.jpg,0,1
images-19-_jpeg.rf.5a78f96bb4f985461977355cb0436b49.jpg,1,0
305_jpg.rf.d7e7de5269355436d6946f491699d777.jpg,0,1
463_jpg.rf.0fc203940253ab8a19a97e1667631289.jpg,1,0
802_jpg.rf.ae9c380585621ee68e6f1e875164ae1a.jpg,0,1
53_jpg.rf.50eb80b25ecf2e0869ef9132196f53e1.jpg,1,0
right169_jpg.rf.2ab23bb63f53f524c8d8d2864e2094c8.jpg,0,1
right126_jpg.rf.192efb80efb5d950f1b4fccc346a3856.jpg,0,1
right137_jpg.rf.504a91ccf7051f581cbf405e9ce4e217.jpg,0,1
right25_jpg.rf.c30c13a9f6dae91fc6f484d3dad5f384.jpg,0,1
428_jpg.rf.17ea63bc780376c378be3aeb71671ab6.jpg,0,1
675_jpg.rf.e11c377ddef218c1260c0c3040cf7f30.jpg,1,0
8_jpg.rf.646e49aed1dabc79b8ab5ef147fd39bc.jpg,0,1
372_jpg.rf.28620bddbbc3eef739a518a373d061c0.jpg,0,1
425_jpg.rf.5ea7cb9b9a7bead5035f9de14fb2bbbf.jpg,0,1
414_jpg.rf.376e5dda2c6ee5e7dbdecf17e397bdec.jpg,0,1
right175_jpg.rf.8e9db5eb2b18bb43ddb1b83f3a44b04d.jpg,0,1
457_jpg.rf.7a5986caa77fadb05b1ec6eae47a12eb.jpg,1,0
412_jpg.rf.d260774e33ce0e0924d5cbfd34acf443.jpg,0,1
810_jpg.rf.1bb17862351b3b4937d5893b552176ac.jpg,0,1
674_jpg.rf.bde2afc7748c97ad721097f3016d477d.jpg,1,0
right173_jpg.rf.30adc7bae5b19eeac3d0729d8bbb63d4.jpg,0,1
right170_jpg.rf.6d313a42004035fc1d0ec1c369af84ba.jpg,0,1
800_jpg.rf.081c48f98e8b1c4db688e1817727a139.jpg,0,1
166_jpg.rf.7aa7c78bd3b7a22838f340fcb7d32cfa.jpg,1,0
51_jpg.rf.4518ecca9defb91b6c175edb3b9947a6.jpg,1,0
right26_jpg.rf.10af4fc8723d7e58000bc46a6cb68af4.jpg,0,1
28_jpg.rf.c7e0a2a4ce054d47e0307bba91f54a56.jpg,1,0
842_jpg.rf.ab8cd011650eb10d78883cd367c900f7.jpg,0,1
805_jpg.rf.0e1930ca2aad552f295f3a346786d776.jpg,0,1
806_jpg.rf.be59c9e47c9ead5e9c544c8f3f489aef.jpg,0,1
417_jpg.rf.b154f72d1fb76a83dbb909af1a396b59.jpg,0,1
right149_jpg.rf.91dab5257c62f5273aaeeddf5667554d.jpg,0,1
right36_jpg.rf.56801eca5b94c693e254a38bc89c1119.jpg,0,1
right145_jpg.rf.1c536fd2e6a86fec4e84ba4e3e8c8c0a.jpg,0,1
right15_jpg.rf.3399433c900af3146a979525de0a0669.jpg,0,1
167_jpg.rf.5bd7dfe7cd617ee8102a337fc9b9258b.jpg,1,0
right148_jpg.rf.8c1080b8b82960d08832acf7c3749fb3.jpg,0,1
182_jpg.rf.51fcf6d9bcbbcb20a565e58b7bff1ded.jpg,1,0
81_jpg.rf.65f4afb18ce8eb3f9ad49414cec1122b.jpg,0,1
466_jpg.rf.192e3aa1411486b570508459470472bf.jpg,1,0
27_jpg.rf.cd4741e74a729a297086f4eaf4ff1f13.jpg,1,0
right27_jpg.rf.990b84680507ffeeaa1c91b99ecfd5ed.jpg,0,1
40_jpg.rf.06f80cec6d776fd58cc152b9d28f205b.jpg,1,0
844_jpg.rf.ec6960b676d1203b281da114c8a11fde.jpg,0,1
840_jpg.rf.f9298aaa48a5b7467b978783e37871da.jpg,0,1
803_jpg.rf.3da7035059d8323e5af6161f4cb2a016.jpg,0,1
176_jpg.rf.c51d93d91783762117ec593051af2cf2.jpg,1,0
856_jpg.rf.7a63706b66f35da3d32f9324d62a2a22.jpg,0,1
183_jpg.rf.444ada30adf5a59cd121cc2013081b38.jpg,1,0
right37_jpg.rf.ba5b90c12de73e89a9e9a07a948129c7.jpg,0,1
177_jpg.rf.f4f3ea4c0ca5ebff5cf32ca7ece02230.jpg,1,0
right3_jpg.rf.86dd13a9260ae237fe8cbd7330c4f7e9.jpg,0,1
794_jpg.rf.8e6cc61b815e0bd61203aac97160dec4.jpg,0,1
right161_jpg.rf.47cd1a5b349e8403cc8075324941142b.jpg,0,1
11_jpg.rf.39de0d3d2de2863e9c5f8c96de01058f.jpg,1,0
421_jpg.rf.031416ab3b109df279e06ea1dade6965.jpg,0,1
45_jpg.rf.f609268b276537d9852993e234365e34.jpg,1,0
right35_jpg.rf.463a95c7da117f57683940a942a1d8b0.jpg,0,1
813_jpg.rf.9fee8b0bd156e603425a85aecc1bb492.jpg,0,1
right144_jpg.rf.fefcf72a5fbfb355f37a5603615113ae.jpg,0,1
images_png.rf.b851ca4c3aaca3be536f2546526ed74f.jpg,1,1
right21_jpg.rf.d06114fd1e8c4fcf9aaa71bafe61d4c9.jpg,0,1
812_jpg.rf.1520952e4fc158e6b84b870f4b4cfff0.jpg,0,1
126_jpg.rf.55a35173db647933d932adbdb461620b.jpg,1,0
0_jpg.rf.8463ad147c240fff1bab35212d583196.jpg,1,0
474_jpg.rf.5ecff1c8db947178d76a131995e249c1.jpg,1,0
right174_jpg.rf.a4455dedd06a9f213be5132a9c5f228d.jpg,0,1
891_jpg.rf.74ea2f11f29cbc7e1ae2b620735e81cb.jpg,1,0
right23_jpg.rf.918f6c9ab671c04755afef5bce5a535a.jpg,0,1
right38_jpg.rf.d497f540a44c5949fc2e4a847cb4ed0a.jpg,0,1
837_jpg.rf.c0013cc0eaa0c8f94e6eeedbff79a240.jpg,0,1
491_jpg.rf.5faa38fd1f9dddf3e8d3299e730185c3.jpg,1,0
right22_jpg.rf.d724f7a0b13edb00b44e77a2388b9813.jpg,0,1
right86_jpg.rf.918155643767e7051a09ca7214378381.jpg,0,1
910_jpg.rf.2b6798265e167e331c7af2a6d36d7142.jpg,1,0
807_jpg.rf.25bd54b78f694c9c9e3cd63ea47c441e.jpg,0,1
right164_jpg.rf.58b602acc214b65c3d2056cd6f80ff16.jpg,0,1
809_jpg.rf.c8cf0c401e54ad2997a20ed5ebb853c2.jpg,0,1
431_jpg.rf.00e65e16fc167bc1fb3718efffc60b5d.jpg,0,1
5_jpg.rf.764012d6daee7697deb1209f86fd7c51.jpg,1,0
213_jpg.rf.d7414100dd3f5c94ce0ead9ecfa0fab8.jpg,1,0
right184_jpg.rf.dfd83d962acae737f87ac8a701590b9c.jpg,0,1
right50_jpg.rf.aeb67c73893be9abded489a3254e93db.jpg,0,1
483_jpg.rf.3327258938d73c8daacaaa47d0f207de.jpg,1,0
right162_jpg.rf.df35520d75efb1349aec4ea237e47e28.jpg,0,1
891_jpg.rf.8ab39e5c7f72611f79ac514d7f38abe8.jpg,0,1
834_jpg.rf.93974c090e0cc1271a7695463aac51c0.jpg,0,1
161_jpg.rf.f840e50868b0d9efa610086864dadfb9.jpg,1,0
right181_jpg.rf.6e2571601b4623dc520c5e59a63d3ba7.jpg,0,1
188_jpg.rf.6b7c7c844c67218abfbad02e2eb70b8c.jpg,1,0
right143_jpg.rf.623b908c57c50aa9040dbb961cf7d30d.jpg,0,1
right83_jpg.rf.5e001b9d420d7b977b55af4e3c776806.jpg,0,1
right180_jpg.rf.72dab437739066f186567539b8c88820.jpg,0,1
793_jpg.rf.c09e2adaf86657d6eedc2391caa45eb6.jpg,0,1